INSERT INTO shop.book (uuid, time, userId, name, author, hownew, price, catagoryId, image, info, status) VALUES ('000A18FDB38F470DBE9CD0972BADB23F', '2019-04-16 00:01:00', 0, 'Java Web整合开发实战', '贾蓓', 9, 80, 1, 'EE2B21056A1F44A89C3A40268D8024C5.jpg', '基于Struts 2+Hibernate+Spring（99个应用实例，4个项目开发案例，15.5小时配套教学视频，超值DVD光盘含大量开发资源。一本书搞定SSH框架整合开发！）

测试用数据!!测试用数据!!
《Python机器学习》通过解释数学原理和展示编程示例对机器学习进行了系统、全面的解析。《Python机器学习》共分为12章，内容涵盖了机器学习以及Python语言的基础知识、特征工程的概念与操作技术、数据可视化技术的实现、监督学习及无监督学习算法、文本分析、神经网络和深度学习、推荐系统的构建方法以及预测处理时间序列的方法等。阅读《Python机器学习》能够加深读者对机器学习的认识和理解，从而达到理论与实践相结合、学以致用的目的。

《Python机器学习》适合Python程序员、数据分析人员、对机器学习感兴趣的读者以及机器学习领域的从业人员阅读。
', 1);
INSERT INTO shop.book (uuid, time, userId, name, author, hownew, price, catagoryId, image, info, status) VALUES ('0BE0707984014E66BD9F34F534FCE0F7', '2019-04-16 00:02:00', 0, 'OSGi实战', 'Richard', 10, 99, 1, '22938396-1_w.jpg', '【OSGi规范制定者亲自撰写 汇集Apache项目技术实战经验】

测试用数据!!测试用数据!!
《Python机器学习》通过解释数学原理和展示编程示例对机器学习进行了系统、全面的解析。《Python机器学习》共分为12章，内容涵盖了机器学习以及Python语言的基础知识、特征工程的概念与操作技术、数据可视化技术的实现、监督学习及无监督学习算法、文本分析、神经网络和深度学习、推荐系统的构建方法以及预测处理时间序列的方法等。阅读《Python机器学习》能够加深读者对机器学习的认识和理解，从而达到理论与实践相结合、学以致用的目的。

《Python机器学习》适合Python程序员、数据分析人员、对机器学习感兴趣的读者以及机器学习领域的从业人员阅读。
', 1);
INSERT INTO shop.book (uuid, time, userId, name, author, hownew, price, catagoryId, image, info, status) VALUES ('0EE8A0AE69154287A378FB110FF2C780', '2019-04-16 00:03:00', 0, 'Java核心技术：卷Ⅰ基础知识', '昊斯特曼', 10, 98, 1, '20285763-1_w.jpg', '（原书第8版）

测试用数据!!测试用数据!!
《Python机器学习》通过解释数学原理和展示编程示例对机器学习进行了系统、全面的解析。《Python机器学习》共分为12章，内容涵盖了机器学习以及Python语言的基础知识、特征工程的概念与操作技术、数据可视化技术的实现、监督学习及无监督学习算法、文本分析、神经网络和深度学习、推荐系统的构建方法以及预测处理时间序列的方法等。阅读《Python机器学习》能够加深读者对机器学习的认识和理解，从而达到理论与实践相结合、学以致用的目的。

《Python机器学习》适合Python程序员、数据分析人员、对机器学习感兴趣的读者以及机器学习领域的从业人员阅读。
', 1);
INSERT INTO shop.book (uuid, time, userId, name, author, hownew, price, catagoryId, image, info, status) VALUES ('113D0D1BB9174DD19A7DE7E2B37F677F', '2019-04-16 00:04:00', 0, 'Java7入门经典', '霍尔顿', 10, 118, 1, '2362AE20577E498082D51285C4E91CD8.jpg', '（跟编程导师Ivor Horton学Java 预计到货日期9月初）

测试用数据!!测试用数据!!
《Python机器学习》通过解释数学原理和展示编程示例对机器学习进行了系统、全面的解析。《Python机器学习》共分为12章，内容涵盖了机器学习以及Python语言的基础知识、特征工程的概念与操作技术、数据可视化技术的实现、监督学习及无监督学习算法、文本分析、神经网络和深度学习、推荐系统的构建方法以及预测处理时间序列的方法等。阅读《Python机器学习》能够加深读者对机器学习的认识和理解，从而达到理论与实践相结合、学以致用的目的。

《Python机器学习》适合Python程序员、数据分析人员、对机器学习感兴趣的读者以及机器学习领域的从业人员阅读。
', 1);
INSERT INTO shop.book (uuid, time, userId, name, author, hownew, price, catagoryId, image, info, status) VALUES ('1286B13F0EA54E4CB75434762121486A', '2019-04-16 00:05:00', 0, 'Java核心技术 卷I：基础知识', '霍斯特曼', 10, 109, 1, '23280479-1_w.jpg', '(第9版·英文版)(上、下册)

测试用数据!!测试用数据!!
《Python机器学习》通过解释数学原理和展示编程示例对机器学习进行了系统、全面的解析。《Python机器学习》共分为12章，内容涵盖了机器学习以及Python语言的基础知识、特征工程的概念与操作技术、数据可视化技术的实现、监督学习及无监督学习算法、文本分析、神经网络和深度学习、推荐系统的构建方法以及预测处理时间序列的方法等。阅读《Python机器学习》能够加深读者对机器学习的认识和理解，从而达到理论与实践相结合、学以致用的目的。

《Python机器学习》适合Python程序员、数据分析人员、对机器学习感兴趣的读者以及机器学习领域的从业人员阅读。
', 1);
INSERT INTO shop.book (uuid, time, userId, name, author, hownew, price, catagoryId, image, info, status) VALUES ('13EBF9B1FDE346A683A1C45BD6773ECB', '2019-04-16 00:06:00', 0, 'Java开发实战1200例（第Ⅱ卷）', '无', 10, 99, 1, '21110930-1_w_1.jpg', '（史上最全的“编程实例”类图书，代码分析、实例速查、练习巩固的绝好帮手）

测试用数据!!测试用数据!!
《Python机器学习》通过解释数学原理和展示编程示例对机器学习进行了系统、全面的解析。《Python机器学习》共分为12章，内容涵盖了机器学习以及Python语言的基础知识、特征工程的概念与操作技术、数据可视化技术的实现、监督学习及无监督学习算法、文本分析、神经网络和深度学习、推荐系统的构建方法以及预测处理时间序列的方法等。阅读《Python机器学习》能够加深读者对机器学习的认识和理解，从而达到理论与实践相结合、学以致用的目的。

《Python机器学习》适合Python程序员、数据分析人员、对机器学习感兴趣的读者以及机器学习领域的从业人员阅读。
', 1);
INSERT INTO shop.book (uuid, time, userId, name, author, hownew, price, catagoryId, image, info, status) VALUES ('1A15DC5E8A014A58862ED741D579B530', '2019-04-16 00:07:00', 0, 'Java深入解析——透析Java本质的36个话题', '梁勇', 10, 49, 1, '23363997-1_w_1.jpg', '
测试用数据!!测试用数据!!
《Python机器学习》通过解释数学原理和展示编程示例对机器学习进行了系统、全面的解析。《Python机器学习》共分为12章，内容涵盖了机器学习以及Python语言的基础知识、特征工程的概念与操作技术、数据可视化技术的实现、监督学习及无监督学习算法、文本分析、神经网络和深度学习、推荐系统的构建方法以及预测处理时间序列的方法等。阅读《Python机器学习》能够加深读者对机器学习的认识和理解，从而达到理论与实践相结合、学以致用的目的。

《Python机器学习》适合Python程序员、数据分析人员、对机器学习感兴趣的读者以及机器学习领域的从业人员阅读。
', 1);
INSERT INTO shop.book (uuid, time, userId, name, author, hownew, price, catagoryId, image, info, status) VALUES ('210A3DCA429049C78B623C3986BEB136', '2019-04-16 00:08:00', 0, 'JavaScript经典教程套装', 'Nicholas C. Zakas', 10, 148, 1, '23224089-1_w.jpg', 'JavaScript高级程序设计(第3版)+JavaScript DOM编程艺术(第2版)(套装共2册)(超值附赠《码农》光盘1张)

测试用数据!!测试用数据!!
《Python机器学习》通过解释数学原理和展示编程示例对机器学习进行了系统、全面的解析。《Python机器学习》共分为12章，内容涵盖了机器学习以及Python语言的基础知识、特征工程的概念与操作技术、数据可视化技术的实现、监督学习及无监督学习算法、文本分析、神经网络和深度学习、推荐系统的构建方法以及预测处理时间序列的方法等。阅读《Python机器学习》能够加深读者对机器学习的认识和理解，从而达到理论与实践相结合、学以致用的目的。

《Python机器学习》适合Python程序员、数据分析人员、对机器学习感兴趣的读者以及机器学习领域的从业人员阅读。
', 1);
INSERT INTO shop.book (uuid, time, userId, name, author, hownew, price, catagoryId, image, info, status) VALUES ('22234CECF15F4ECB813F0B433DDA5365', '2019-04-16 00:09:00', 0, 'JavaScript从入门到精通', '明日科技', 10, 70, 1, '22862057-1_w.jpg', '(附光盘1张）（连续8月JavaScript类全国零售排行前2名，13小时视频，400个经典实例、369项面试真题、138项测试史上最全资源库）

测试用数据!!测试用数据!!
《Python机器学习》通过解释数学原理和展示编程示例对机器学习进行了系统、全面的解析。《Python机器学习》共分为12章，内容涵盖了机器学习以及Python语言的基础知识、特征工程的概念与操作技术、数据可视化技术的实现、监督学习及无监督学习算法、文本分析、神经网络和深度学习、推荐系统的构建方法以及预测处理时间序列的方法等。阅读《Python机器学习》能够加深读者对机器学习的认识和理解，从而达到理论与实践相结合、学以致用的目的。

《Python机器学习》适合Python程序员、数据分析人员、对机器学习感兴趣的读者以及机器学习领域的从业人员阅读。
', 1);
INSERT INTO shop.book (uuid, time, userId, name, author, hownew, price, catagoryId, image, info, status) VALUES ('230A00EC22BF4A1DBA87C64800B54C8D', '2019-04-16 00:10:00', 0, 'Struts2技术内幕：深入解析Struts架构设计与实现原理', '陆舟', 10, 69, 1, '22577578-1_w.jpg', '
测试用数据!!测试用数据!!
《Python机器学习》通过解释数学原理和展示编程示例对机器学习进行了系统、全面的解析。《Python机器学习》共分为12章，内容涵盖了机器学习以及Python语言的基础知识、特征工程的概念与操作技术、数据可视化技术的实现、监督学习及无监督学习算法、文本分析、神经网络和深度学习、推荐系统的构建方法以及预测处理时间序列的方法等。阅读《Python机器学习》能够加深读者对机器学习的认识和理解，从而达到理论与实践相结合、学以致用的目的。

《Python机器学习》适合Python程序员、数据分析人员、对机器学习感兴趣的读者以及机器学习领域的从业人员阅读。
', 1);
INSERT INTO shop.book (uuid, time, userId, name, author, hownew, price, catagoryId, image, info, status) VALUES ('260F8A3594F741C1B0EB69616F65045B', '2019-04-16 00:11:00', 0, 'Tomcat与Java Web开发技术详解（第2版）', '孙卫琴', 10, 80, 1, '20420983-1_w.jpg', '(含光盘1张)

测试用数据!!测试用数据!!
《Python机器学习》通过解释数学原理和展示编程示例对机器学习进行了系统、全面的解析。《Python机器学习》共分为12章，内容涵盖了机器学习以及Python语言的基础知识、特征工程的概念与操作技术、数据可视化技术的实现、监督学习及无监督学习算法、文本分析、神经网络和深度学习、推荐系统的构建方法以及预测处理时间序列的方法等。阅读《Python机器学习》能够加深读者对机器学习的认识和理解，从而达到理论与实践相结合、学以致用的目的。

《Python机器学习》适合Python程序员、数据分析人员、对机器学习感兴趣的读者以及机器学习领域的从业人员阅读。
', 1);
INSERT INTO shop.book (uuid, time, userId, name, author, hownew, price, catagoryId, image, info, status) VALUES ('28A03D28BAD449659A77330BE35FCD65', '2019-04-16 00:12:00', 0, 'JAVA核心技术卷II：高级特性', '霍斯特曼', 10, 118, 1, '20446562-1_w.jpg', '（原书第8版）

测试用数据!!测试用数据!!
《Python机器学习》通过解释数学原理和展示编程示例对机器学习进行了系统、全面的解析。《Python机器学习》共分为12章，内容涵盖了机器学习以及Python语言的基础知识、特征工程的概念与操作技术、数据可视化技术的实现、监督学习及无监督学习算法、文本分析、神经网络和深度学习、推荐系统的构建方法以及预测处理时间序列的方法等。阅读《Python机器学习》能够加深读者对机器学习的认识和理解，从而达到理论与实践相结合、学以致用的目的。

《Python机器学习》适合Python程序员、数据分析人员、对机器学习感兴趣的读者以及机器学习领域的从业人员阅读。
', 1);
INSERT INTO shop.book (uuid, time, userId, name, author, hownew, price, catagoryId, image, info, status) VALUES ('2EE1A20A6AF742E387E18619D7E3BB94', '2019-04-16 00:13:00', 0, 'Java虚拟机并发编程', 'Venkat Subramaniam', 10, 59, 1, '23239786-1_w.jpg', '(Java并发编程领域的里程碑之作，资深Java技术专家、并发编程专家、敏捷开发专家和Jolt大奖得主撰写，Amazon五星畅销书)

测试用数据!!测试用数据!!
《Python机器学习》通过解释数学原理和展示编程示例对机器学习进行了系统、全面的解析。《Python机器学习》共分为12章，内容涵盖了机器学习以及Python语言的基础知识、特征工程的概念与操作技术、数据可视化技术的实现、监督学习及无监督学习算法、文本分析、神经网络和深度学习、推荐系统的构建方法以及预测处理时间序列的方法等。阅读《Python机器学习》能够加深读者对机器学习的认识和理解，从而达到理论与实践相结合、学以致用的目的。

《Python机器学习》适合Python程序员、数据分析人员、对机器学习感兴趣的读者以及机器学习领域的从业人员阅读。
', 1);
INSERT INTO shop.book (uuid, time, userId, name, author, hownew, price, catagoryId, image, info, status) VALUES ('33ACF97A9A374352AE9F5E89BB791262', '2019-04-16 00:14:00', 0, '基于MVC的JavaScript Web富应用开发', '麦卡劳', 10, 59, 1, '22757564-1_w.jpg', '
测试用数据!!测试用数据!!
《Python机器学习》通过解释数学原理和展示编程示例对机器学习进行了系统、全面的解析。《Python机器学习》共分为12章，内容涵盖了机器学习以及Python语言的基础知识、特征工程的概念与操作技术、数据可视化技术的实现、监督学习及无监督学习算法、文本分析、神经网络和深度学习、推荐系统的构建方法以及预测处理时间序列的方法等。阅读《Python机器学习》能够加深读者对机器学习的认识和理解，从而达到理论与实践相结合、学以致用的目的。

《Python机器学习》适合Python程序员、数据分析人员、对机器学习感兴趣的读者以及机器学习领域的从业人员阅读。
', 1);
INSERT INTO shop.book (uuid, time, userId, name, author, hownew, price, catagoryId, image, info, status) VALUES ('37F75BEAE1FE46F2B14674923F1E7987', '2019-04-16 00:15:00', 0, '数据结构与算法分析Java语言描述 第2版', '韦斯', 10, 55, 1, '20417467-1_w.jpg', '
测试用数据!!测试用数据!!
《Python机器学习》通过解释数学原理和展示编程示例对机器学习进行了系统、全面的解析。《Python机器学习》共分为12章，内容涵盖了机器学习以及Python语言的基础知识、特征工程的概念与操作技术、数据可视化技术的实现、监督学习及无监督学习算法、文本分析、神经网络和深度学习、推荐系统的构建方法以及预测处理时间序列的方法等。阅读《Python机器学习》能够加深读者对机器学习的认识和理解，从而达到理论与实践相结合、学以致用的目的。

《Python机器学习》适合Python程序员、数据分析人员、对机器学习感兴趣的读者以及机器学习领域的从业人员阅读。
', 1);
INSERT INTO shop.book (uuid, time, userId, name, author, hownew, price, catagoryId, image, info, status) VALUES ('39F1D0803E8F4592AE1245CACE683214', '2019-04-16 00:16:00', 0, 'Java程序员修炼之道', '埃文斯', 10, 89, 1, '23301847-1_w_1.jpg', '
测试用数据!!测试用数据!!
《Python机器学习》通过解释数学原理和展示编程示例对机器学习进行了系统、全面的解析。《Python机器学习》共分为12章，内容涵盖了机器学习以及Python语言的基础知识、特征工程的概念与操作技术、数据可视化技术的实现、监督学习及无监督学习算法、文本分析、神经网络和深度学习、推荐系统的构建方法以及预测处理时间序列的方法等。阅读《Python机器学习》能够加深读者对机器学习的认识和理解，从而达到理论与实践相结合、学以致用的目的。

《Python机器学习》适合Python程序员、数据分析人员、对机器学习感兴趣的读者以及机器学习领域的从业人员阅读。
', 1);
INSERT INTO shop.book (uuid, time, userId, name, author, hownew, price, catagoryId, image, info, status) VALUES ('3AE5C8B976B6448A9D3A155C1BDE12BC', '2019-04-16 00:17:00', 0, '深入理解Java虚拟机:JVM高级特性与最佳实践', '周志明', 10, 69, 1, '21108671-1_w_1.jpg', '（超级畅销书，6个月5次印刷，从实践角度解析JVM工作原理，Java程序员必备）

测试用数据!!测试用数据!!
《Python机器学习》通过解释数学原理和展示编程示例对机器学习进行了系统、全面的解析。《Python机器学习》共分为12章，内容涵盖了机器学习以及Python语言的基础知识、特征工程的概念与操作技术、数据可视化技术的实现、监督学习及无监督学习算法、文本分析、神经网络和深度学习、推荐系统的构建方法以及预测处理时间序列的方法等。阅读《Python机器学习》能够加深读者对机器学习的认识和理解，从而达到理论与实践相结合、学以致用的目的。

《Python机器学习》适合Python程序员、数据分析人员、对机器学习感兴趣的读者以及机器学习领域的从业人员阅读。
', 1);
INSERT INTO shop.book (uuid, time, userId, name, author, hownew, price, catagoryId, image, info, status) VALUES ('3DD187217BF44A99B86DD18A4DC628BA', '2019-04-16 00:18:00', 0, 'Java核心技术 卷1 基础知识', '霍斯特曼，科内尔', 10, 119, 1, '23362142-1_w_1.jpg', '（原书第9版）

测试用数据!!测试用数据!!
《Python机器学习》通过解释数学原理和展示编程示例对机器学习进行了系统、全面的解析。《Python机器学习》共分为12章，内容涵盖了机器学习以及Python语言的基础知识、特征工程的概念与操作技术、数据可视化技术的实现、监督学习及无监督学习算法、文本分析、神经网络和深度学习、推荐系统的构建方法以及预测处理时间序列的方法等。阅读《Python机器学习》能够加深读者对机器学习的认识和理解，从而达到理论与实践相结合、学以致用的目的。

《Python机器学习》适合Python程序员、数据分析人员、对机器学习感兴趣的读者以及机器学习领域的从业人员阅读。
', 1);
INSERT INTO shop.book (uuid, time, userId, name, author, hownew, price, catagoryId, image, info, status) VALUES ('3E1990E19989422E9DA735978CB1E4CE', '2019-04-16 00:19:00', 0, 'Effective Java中文版(第2版)', '布洛克', 10, 52, 1, '20459091-1_w.jpg', '
测试用数据!!测试用数据!!
《Python机器学习》通过解释数学原理和展示编程示例对机器学习进行了系统、全面的解析。《Python机器学习》共分为12章，内容涵盖了机器学习以及Python语言的基础知识、特征工程的概念与操作技术、数据可视化技术的实现、监督学习及无监督学习算法、文本分析、神经网络和深度学习、推荐系统的构建方法以及预测处理时间序列的方法等。阅读《Python机器学习》能够加深读者对机器学习的认识和理解，从而达到理论与实践相结合、学以致用的目的。

《Python机器学习》适合Python程序员、数据分析人员、对机器学习感兴趣的读者以及机器学习领域的从业人员阅读。
', 1);
INSERT INTO shop.book (uuid, time, userId, name, author, hownew, price, catagoryId, image, info, status) VALUES ('400D94DE5A0742B3A618FC76DF107183', '2019-04-16 00:20:00', 0, 'JavaScript宝典（第7版）', '古德曼', 10, 128, 1, '23169892-1_w.jpg', '（配光盘）

测试用数据!!测试用数据!!
《Python机器学习》通过解释数学原理和展示编程示例对机器学习进行了系统、全面的解析。《Python机器学习》共分为12章，内容涵盖了机器学习以及Python语言的基础知识、特征工程的概念与操作技术、数据可视化技术的实现、监督学习及无监督学习算法、文本分析、神经网络和深度学习、推荐系统的构建方法以及预测处理时间序列的方法等。阅读《Python机器学习》能够加深读者对机器学习的认识和理解，从而达到理论与实践相结合、学以致用的目的。

《Python机器学习》适合Python程序员、数据分析人员、对机器学习感兴趣的读者以及机器学习领域的从业人员阅读。
', 1);
INSERT INTO shop.book (uuid, time, userId, name, author, hownew, price, catagoryId, image, info, status) VALUES ('4491EA4832E04B8B94F334B71E871983', '2019-04-16 00:21:00', 0, 'Java语言程序设计：进阶篇', '梁勇', 10, 79, 1, '21117631-1_w_1.jpg', '（原书第8版）

测试用数据!!测试用数据!!
《Python机器学习》通过解释数学原理和展示编程示例对机器学习进行了系统、全面的解析。《Python机器学习》共分为12章，内容涵盖了机器学习以及Python语言的基础知识、特征工程的概念与操作技术、数据可视化技术的实现、监督学习及无监督学习算法、文本分析、神经网络和深度学习、推荐系统的构建方法以及预测处理时间序列的方法等。阅读《Python机器学习》能够加深读者对机器学习的认识和理解，从而达到理论与实践相结合、学以致用的目的。

《Python机器学习》适合Python程序员、数据分析人员、对机器学习感兴趣的读者以及机器学习领域的从业人员阅读。
', 1);
INSERT INTO shop.book (uuid, time, userId, name, author, hownew, price, catagoryId, image, info, status) VALUES ('48BBFBFC07074ADE8CC906A45BE5D9A6', '2019-04-16 00:22:00', 0, 'JavaScript权威指南（第6版）', '弗兰纳根', 10, 139, 1, '22722790-1_w.jpg', '（淘宝前端团队倾情翻译！经典权威的JavaScript犀牛书！第6版特别涵盖了HTML5和ECMAScript5！）（经典巨著，当当独家首发）

测试用数据!!测试用数据!!
《Python机器学习》通过解释数学原理和展示编程示例对机器学习进行了系统、全面的解析。《Python机器学习》共分为12章，内容涵盖了机器学习以及Python语言的基础知识、特征工程的概念与操作技术、数据可视化技术的实现、监督学习及无监督学习算法、文本分析、神经网络和深度学习、推荐系统的构建方法以及预测处理时间序列的方法等。阅读《Python机器学习》能够加深读者对机器学习的认识和理解，从而达到理论与实践相结合、学以致用的目的。

《Python机器学习》适合Python程序员、数据分析人员、对机器学习感兴趣的读者以及机器学习领域的从业人员阅读。
', 1);
INSERT INTO shop.book (uuid, time, userId, name, author, hownew, price, catagoryId, image, info, status) VALUES ('49D98E7916B94232862F7DCD1B0BAB66', '2019-04-16 00:23:00', 0, 'HTML5+JavaScript动画基础', '兰贝塔', 10, 69, 1, '23266633-1_w.jpg', '
测试用数据!!测试用数据!!
《Python机器学习》通过解释数学原理和展示编程示例对机器学习进行了系统、全面的解析。《Python机器学习》共分为12章，内容涵盖了机器学习以及Python语言的基础知识、特征工程的概念与操作技术、数据可视化技术的实现、监督学习及无监督学习算法、文本分析、神经网络和深度学习、推荐系统的构建方法以及预测处理时间序列的方法等。阅读《Python机器学习》能够加深读者对机器学习的认识和理解，从而达到理论与实践相结合、学以致用的目的。

《Python机器学习》适合Python程序员、数据分析人员、对机器学习感兴趣的读者以及机器学习领域的从业人员阅读。
', 1);
INSERT INTO shop.book (uuid, time, userId, name, author, hownew, price, catagoryId, image, info, status) VALUES ('4A9574F03A6B40C1B2A437237C17DEEC', '2019-04-16 00:24:00', 0, 'Spring实战(第3版)', 'Craig Walls', 10, 59, 1, '23254532-1_w.jpg', '（In Action系列中最畅销的Spring图书，近十万读者学习Spring的共同选择）

测试用数据!!测试用数据!!
《Python机器学习》通过解释数学原理和展示编程示例对机器学习进行了系统、全面的解析。《Python机器学习》共分为12章，内容涵盖了机器学习以及Python语言的基础知识、特征工程的概念与操作技术、数据可视化技术的实现、监督学习及无监督学习算法、文本分析、神经网络和深度学习、推荐系统的构建方法以及预测处理时间序列的方法等。阅读《Python机器学习》能够加深读者对机器学习的认识和理解，从而达到理论与实践相结合、学以致用的目的。

《Python机器学习》适合Python程序员、数据分析人员、对机器学习感兴趣的读者以及机器学习领域的从业人员阅读。
', 1);
INSERT INTO shop.book (uuid, time, userId, name, author, hownew, price, catagoryId, image, info, status) VALUES ('4BF6D97DD18A4B77B8DED9B057577F8F', '2019-04-16 00:25:00', 0, 'Java Web从入门到精通（附光盘1张）', '明日科技', 10, 70, 1, '22862056-1_w.jpg', '（连续8月Java类全国零售排行前2名，27小时视频，951个经典实例、369项面试真题、596项测试史上最全资源库）

测试用数据!!测试用数据!!
《Python机器学习》通过解释数学原理和展示编程示例对机器学习进行了系统、全面的解析。《Python机器学习》共分为12章，内容涵盖了机器学习以及Python语言的基础知识、特征工程的概念与操作技术、数据可视化技术的实现、监督学习及无监督学习算法、文本分析、神经网络和深度学习、推荐系统的构建方法以及预测处理时间序列的方法等。阅读《Python机器学习》能够加深读者对机器学习的认识和理解，从而达到理论与实践相结合、学以致用的目的。

《Python机器学习》适合Python程序员、数据分析人员、对机器学习感兴趣的读者以及机器学习领域的从业人员阅读。
', 1);
INSERT INTO shop.book (uuid, time, userId, name, author, hownew, price, catagoryId, image, info, status) VALUES ('4C3331CAD5A5453787A94B8D7CCEAA29', '2019-04-16 00:26:00', 0, 'Java Web整合开发王者归来', '刘京华', 10, 100, 1, '20756351-1_w_1.jpg', '（JSP+Servlet+Struts+Hibernate+Spring）

测试用数据!!测试用数据!!
《Python机器学习》通过解释数学原理和展示编程示例对机器学习进行了系统、全面的解析。《Python机器学习》共分为12章，内容涵盖了机器学习以及Python语言的基础知识、特征工程的概念与操作技术、数据可视化技术的实现、监督学习及无监督学习算法、文本分析、神经网络和深度学习、推荐系统的构建方法以及预测处理时间序列的方法等。阅读《Python机器学习》能够加深读者对机器学习的认识和理解，从而达到理论与实践相结合、学以致用的目的。

《Python机器学习》适合Python程序员、数据分析人员、对机器学习感兴趣的读者以及机器学习领域的从业人员阅读。
', 1);
INSERT INTO shop.book (uuid, time, userId, name, author, hownew, price, catagoryId, image, info, status) VALUES ('4D20D2450B084113A331D909FF4975EB', '2019-04-16 00:27:00', 0, 'jQuery实战(第2版)', 'Bear Bibeault　Yehuda Katz ', 10, 69, 1, '22638286-1_w.jpg', '(畅销书升级版，掌握Web开发利器必修宝典)

测试用数据!!测试用数据!!
《Python机器学习》通过解释数学原理和展示编程示例对机器学习进行了系统、全面的解析。《Python机器学习》共分为12章，内容涵盖了机器学习以及Python语言的基础知识、特征工程的概念与操作技术、数据可视化技术的实现、监督学习及无监督学习算法、文本分析、神经网络和深度学习、推荐系统的构建方法以及预测处理时间序列的方法等。阅读《Python机器学习》能够加深读者对机器学习的认识和理解，从而达到理论与实践相结合、学以致用的目的。

《Python机器学习》适合Python程序员、数据分析人员、对机器学习感兴趣的读者以及机器学习领域的从业人员阅读。
', 1);
INSERT INTO shop.book (uuid, time, userId, name, author, hownew, price, catagoryId, image, info, status) VALUES ('4E44405DAFB7413E8A13BBFFBEE73AC7', '2019-04-16 00:28:00', 0, 'JavaScript经典实例', '鲍尔斯', 10, 78, 1, '22692811-1_w.jpg', '
测试用数据!!测试用数据!!
《Python机器学习》通过解释数学原理和展示编程示例对机器学习进行了系统、全面的解析。《Python机器学习》共分为12章，内容涵盖了机器学习以及Python语言的基础知识、特征工程的概念与操作技术、数据可视化技术的实现、监督学习及无监督学习算法、文本分析、神经网络和深度学习、推荐系统的构建方法以及预测处理时间序列的方法等。阅读《Python机器学习》能够加深读者对机器学习的认识和理解，从而达到理论与实践相结合、学以致用的目的。

《Python机器学习》适合Python程序员、数据分析人员、对机器学习感兴趣的读者以及机器学习领域的从业人员阅读。
', 1);
INSERT INTO shop.book (uuid, time, userId, name, author, hownew, price, catagoryId, image, info, status) VALUES ('504FB999B0444B339907090927FDBE8A', '2019-04-16 00:29:00', 0, '深入浅出Ext JS(第3版)', '徐会生', 10, 69, 1, '23351049-1_w_1.jpg', '
测试用数据!!测试用数据!!
《Python机器学习》通过解释数学原理和展示编程示例对机器学习进行了系统、全面的解析。《Python机器学习》共分为12章，内容涵盖了机器学习以及Python语言的基础知识、特征工程的概念与操作技术、数据可视化技术的实现、监督学习及无监督学习算法、文本分析、神经网络和深度学习、推荐系统的构建方法以及预测处理时间序列的方法等。阅读《Python机器学习》能够加深读者对机器学习的认识和理解，从而达到理论与实践相结合、学以致用的目的。

《Python机器学习》适合Python程序员、数据分析人员、对机器学习感兴趣的读者以及机器学习领域的从业人员阅读。
', 1);
INSERT INTO shop.book (uuid, time, userId, name, author, hownew, price, catagoryId, image, info, status) VALUES ('52077C8423B645A9BADA96A5E0B14422', '2019-04-16 00:30:00', 0, 'Spring源码深度解析', '郝佳', 10, 69, 1, '23329703-1_w_1.jpg', '
测试用数据!!测试用数据!!
《Python机器学习》通过解释数学原理和展示编程示例对机器学习进行了系统、全面的解析。《Python机器学习》共分为12章，内容涵盖了机器学习以及Python语言的基础知识、特征工程的概念与操作技术、数据可视化技术的实现、监督学习及无监督学习算法、文本分析、神经网络和深度学习、推荐系统的构建方法以及预测处理时间序列的方法等。阅读《Python机器学习》能够加深读者对机器学习的认识和理解，从而达到理论与实践相结合、学以致用的目的。

《Python机器学习》适合Python程序员、数据分析人员、对机器学习感兴趣的读者以及机器学习领域的从业人员阅读。
', 1);
INSERT INTO shop.book (uuid, time, userId, name, author, hownew, price, catagoryId, image, info, status) VALUES ('52B0EDFF966E4A058BDA5B18EEC698C4', '2019-04-16 00:31:00', 0, '亮剑Java Web项目开发案例导航', '朱雪琴', 10, 69, 1, '22623766-1_w.jpg', '(含DVD光盘1张)

测试用数据!!测试用数据!!
《Python机器学习》通过解释数学原理和展示编程示例对机器学习进行了系统、全面的解析。《Python机器学习》共分为12章，内容涵盖了机器学习以及Python语言的基础知识、特征工程的概念与操作技术、数据可视化技术的实现、监督学习及无监督学习算法、文本分析、神经网络和深度学习、推荐系统的构建方法以及预测处理时间序列的方法等。阅读《Python机器学习》能够加深读者对机器学习的认识和理解，从而达到理论与实践相结合、学以致用的目的。

《Python机器学习》适合Python程序员、数据分析人员、对机器学习感兴趣的读者以及机器学习领域的从业人员阅读。
', 1);
INSERT INTO shop.book (uuid, time, userId, name, author, hownew, price, catagoryId, image, info, status) VALUES ('5315DA60D24042889400AD4C93A37501', '2019-04-16 00:32:00', 0, 'Spring 3.x企业应用开发实战', '陈雄华', 10, 90, 1, '22605701-1_w.jpg', '(含CD光盘1张)

测试用数据!!测试用数据!!
《Python机器学习》通过解释数学原理和展示编程示例对机器学习进行了系统、全面的解析。《Python机器学习》共分为12章，内容涵盖了机器学习以及Python语言的基础知识、特征工程的概念与操作技术、数据可视化技术的实现、监督学习及无监督学习算法、文本分析、神经网络和深度学习、推荐系统的构建方法以及预测处理时间序列的方法等。阅读《Python机器学习》能够加深读者对机器学习的认识和理解，从而达到理论与实践相结合、学以致用的目的。

《Python机器学习》适合Python程序员、数据分析人员、对机器学习感兴趣的读者以及机器学习领域的从业人员阅读。
', 1);
INSERT INTO shop.book (uuid, time, userId, name, author, hownew, price, catagoryId, image, info, status) VALUES ('56B1B7D8CD8740B098677C7216A673C4', '2019-04-16 00:33:00', 0, '疯狂 Java 程序员的基本修养', '李刚', 10, 59, 1, '23042420-1_w.jpg', '（《疯狂Java讲义》最佳拍档，扫清知识死角，夯实基本功）

测试用数据!!测试用数据!!
《Python机器学习》通过解释数学原理和展示编程示例对机器学习进行了系统、全面的解析。《Python机器学习》共分为12章，内容涵盖了机器学习以及Python语言的基础知识、特征工程的概念与操作技术、数据可视化技术的实现、监督学习及无监督学习算法、文本分析、神经网络和深度学习、推荐系统的构建方法以及预测处理时间序列的方法等。阅读《Python机器学习》能够加深读者对机器学习的认识和理解，从而达到理论与实践相结合、学以致用的目的。

《Python机器学习》适合Python程序员、数据分析人员、对机器学习感兴趣的读者以及机器学习领域的从业人员阅读。
', 1);
INSERT INTO shop.book (uuid, time, userId, name, author, hownew, price, catagoryId, image, info, status) VALUES ('57B6FF1B89C843C38BA39C717FA557D6', '2019-04-16 00:34:00', 0, '了不起的Node.js: 将JavaScript进行到底', 'Guillermo Rauch', 10, 79, 1, '23368351-1_w_2.jpg', '（Web开发首选实时 跨多服务器 高并发）

测试用数据!!测试用数据!!
《Python机器学习》通过解释数学原理和展示编程示例对机器学习进行了系统、全面的解析。《Python机器学习》共分为12章，内容涵盖了机器学习以及Python语言的基础知识、特征工程的概念与操作技术、数据可视化技术的实现、监督学习及无监督学习算法、文本分析、神经网络和深度学习、推荐系统的构建方法以及预测处理时间序列的方法等。阅读《Python机器学习》能够加深读者对机器学习的认识和理解，从而达到理论与实践相结合、学以致用的目的。

《Python机器学习》适合Python程序员、数据分析人员、对机器学习感兴趣的读者以及机器学习领域的从业人员阅读。
', 1);
INSERT INTO shop.book (uuid, time, userId, name, author, hownew, price, catagoryId, image, info, status) VALUES ('5C4A6F0F4A3B4672AD8C5F89BF5D37D2', '2019-04-16 00:35:00', 0, 'Java从入门到精通（第3版）', '明日科技', 10, 60, 1, '22862060-1_w.jpg', '（附光盘1张）（连续8月Java类全国零售排行前2名，32小时视频，732个经典实例、369项面试真题、616项测试史上最全资源库）

测试用数据!!测试用数据!!
《Python机器学习》通过解释数学原理和展示编程示例对机器学习进行了系统、全面的解析。《Python机器学习》共分为12章，内容涵盖了机器学习以及Python语言的基础知识、特征工程的概念与操作技术、数据可视化技术的实现、监督学习及无监督学习算法、文本分析、神经网络和深度学习、推荐系统的构建方法以及预测处理时间序列的方法等。阅读《Python机器学习》能够加深读者对机器学习的认识和理解，从而达到理论与实践相结合、学以致用的目的。

《Python机器学习》适合Python程序员、数据分析人员、对机器学习感兴趣的读者以及机器学习领域的从业人员阅读。
', 1);
INSERT INTO shop.book (uuid, time, userId, name, author, hownew, price, catagoryId, image, info, status) VALUES ('5C68141786B84A4CB8929A2415040739', '2019-04-16 00:36:00', 0, 'JavaScript高级程序设计(第3版)', 'Nicholas C. Zakas', 10, 99, 1, '22628333-1_w.jpg', '(JavaScript技术名著，国内JavasScript第一书，销量超过8万册)

测试用数据!!测试用数据!!
《Python机器学习》通过解释数学原理和展示编程示例对机器学习进行了系统、全面的解析。《Python机器学习》共分为12章，内容涵盖了机器学习以及Python语言的基础知识、特征工程的概念与操作技术、数据可视化技术的实现、监督学习及无监督学习算法、文本分析、神经网络和深度学习、推荐系统的构建方法以及预测处理时间序列的方法等。阅读《Python机器学习》能够加深读者对机器学习的认识和理解，从而达到理论与实践相结合、学以致用的目的。

《Python机器学习》适合Python程序员、数据分析人员、对机器学习感兴趣的读者以及机器学习领域的从业人员阅读。
', 1);
INSERT INTO shop.book (uuid, time, userId, name, author, hownew, price, catagoryId, image, info, status) VALUES ('5EDB981339C342ED8DB17D5A198D50DC', '2019-04-16 00:37:00', 0, 'Java程序性能优化', '葛一鸣', 10, 59, 1, '22881618-1_w.jpg', '
测试用数据!!测试用数据!!
《Python机器学习》通过解释数学原理和展示编程示例对机器学习进行了系统、全面的解析。《Python机器学习》共分为12章，内容涵盖了机器学习以及Python语言的基础知识、特征工程的概念与操作技术、数据可视化技术的实现、监督学习及无监督学习算法、文本分析、神经网络和深度学习、推荐系统的构建方法以及预测处理时间序列的方法等。阅读《Python机器学习》能够加深读者对机器学习的认识和理解，从而达到理论与实践相结合、学以致用的目的。

《Python机器学习》适合Python程序员、数据分析人员、对机器学习感兴趣的读者以及机器学习领域的从业人员阅读。
', 1);
INSERT INTO shop.book (uuid, time, userId, name, author, hownew, price, catagoryId, image, info, status) VALUES ('6398A7BA400D40258796BCBB2B256068', '2019-04-16 00:38:00', 0, 'JavaScript设计模式', 'Addy Osmani', 10, 49, 1, '23266635-1_w.jpg', '
测试用数据!!测试用数据!!
《Python机器学习》通过解释数学原理和展示编程示例对机器学习进行了系统、全面的解析。《Python机器学习》共分为12章，内容涵盖了机器学习以及Python语言的基础知识、特征工程的概念与操作技术、数据可视化技术的实现、监督学习及无监督学习算法、文本分析、神经网络和深度学习、推荐系统的构建方法以及预测处理时间序列的方法等。阅读《Python机器学习》能够加深读者对机器学习的认识和理解，从而达到理论与实践相结合、学以致用的目的。

《Python机器学习》适合Python程序员、数据分析人员、对机器学习感兴趣的读者以及机器学习领域的从业人员阅读。
', 1);
INSERT INTO shop.book (uuid, time, userId, name, author, hownew, price, catagoryId, image, info, status) VALUES ('676B56A612AF4E968CF0F6FFE289269D', '2019-04-16 00:39:00', 0, 'JavaScript和jQuery实战手册', '麦克法兰', 10, 99, 1, '23201813-1_w.jpg', '（原书第2版）

测试用数据!!测试用数据!!
《Python机器学习》通过解释数学原理和展示编程示例对机器学习进行了系统、全面的解析。《Python机器学习》共分为12章，内容涵盖了机器学习以及Python语言的基础知识、特征工程的概念与操作技术、数据可视化技术的实现、监督学习及无监督学习算法、文本分析、神经网络和深度学习、推荐系统的构建方法以及预测处理时间序列的方法等。阅读《Python机器学习》能够加深读者对机器学习的认识和理解，从而达到理论与实践相结合、学以致用的目的。

《Python机器学习》适合Python程序员、数据分析人员、对机器学习感兴趣的读者以及机器学习领域的从业人员阅读。
', 1);
INSERT INTO shop.book (uuid, time, userId, name, author, hownew, price, catagoryId, image, info, status) VALUES ('7917F5B19A0948FD9551932909328E4E', '2019-04-16 00:40:00', 0, 'Java项目开发案例全程实录（第2版）', '明日科技', 10, 70, 1, '20991549-1_w_1.jpg', '（配光盘）（软件项目开发全程实录丛书）

测试用数据!!测试用数据!!
《Python机器学习》通过解释数学原理和展示编程示例对机器学习进行了系统、全面的解析。《Python机器学习》共分为12章，内容涵盖了机器学习以及Python语言的基础知识、特征工程的概念与操作技术、数据可视化技术的实现、监督学习及无监督学习算法、文本分析、神经网络和深度学习、推荐系统的构建方法以及预测处理时间序列的方法等。阅读《Python机器学习》能够加深读者对机器学习的认识和理解，从而达到理论与实践相结合、学以致用的目的。

《Python机器学习》适合Python程序员、数据分析人员、对机器学习感兴趣的读者以及机器学习领域的从业人员阅读。
', 1);
INSERT INTO shop.book (uuid, time, userId, name, author, hownew, price, catagoryId, image, info, status) VALUES ('7C0C785FFBEC4DEC802FA36E8B0BC87E', '2019-04-16 00:41:00', 0, '深入分析Java Web技术内幕', '许令波', 10, 69, 1, '22881803-1_w.jpg', '
测试用数据!!测试用数据!!
《Python机器学习》通过解释数学原理和展示编程示例对机器学习进行了系统、全面的解析。《Python机器学习》共分为12章，内容涵盖了机器学习以及Python语言的基础知识、特征工程的概念与操作技术、数据可视化技术的实现、监督学习及无监督学习算法、文本分析、神经网络和深度学习、推荐系统的构建方法以及预测处理时间序列的方法等。阅读《Python机器学习》能够加深读者对机器学习的认识和理解，从而达到理论与实践相结合、学以致用的目的。

《Python机器学习》适合Python程序员、数据分析人员、对机器学习感兴趣的读者以及机器学习领域的从业人员阅读。
', 1);
INSERT INTO shop.book (uuid, time, userId, name, author, hownew, price, catagoryId, image, info, status) VALUES ('7CD79C20258F477AB841518D9312E843', '2019-04-16 00:42:00', 0, 'Java程序员面试宝典（第三版）', '欧立奇', 10, 49, 1, '23348683-1_w_1.jpg', '
测试用数据!!测试用数据!!
《Python机器学习》通过解释数学原理和展示编程示例对机器学习进行了系统、全面的解析。《Python机器学习》共分为12章，内容涵盖了机器学习以及Python语言的基础知识、特征工程的概念与操作技术、数据可视化技术的实现、监督学习及无监督学习算法、文本分析、神经网络和深度学习、推荐系统的构建方法以及预测处理时间序列的方法等。阅读《Python机器学习》能够加深读者对机器学习的认识和理解，从而达到理论与实践相结合、学以致用的目的。

《Python机器学习》适合Python程序员、数据分析人员、对机器学习感兴趣的读者以及机器学习领域的从业人员阅读。
', 1);
INSERT INTO shop.book (uuid, time, userId, name, author, hownew, price, catagoryId, image, info, status) VALUES ('7D7FE81293124793BDB2C6FF1F1C943D', '2019-04-16 00:43:00', 0, '21天学通Java(第6版)', 'Rogers Cadenhead', 10, 55, 1, '23219731-1_w.jpg', '（中文版累计销量超30000册）

测试用数据!!测试用数据!!
《Python机器学习》通过解释数学原理和展示编程示例对机器学习进行了系统、全面的解析。《Python机器学习》共分为12章，内容涵盖了机器学习以及Python语言的基础知识、特征工程的概念与操作技术、数据可视化技术的实现、监督学习及无监督学习算法、文本分析、神经网络和深度学习、推荐系统的构建方法以及预测处理时间序列的方法等。阅读《Python机器学习》能够加深读者对机器学习的认识和理解，从而达到理论与实践相结合、学以致用的目的。

《Python机器学习》适合Python程序员、数据分析人员、对机器学习感兴趣的读者以及机器学习领域的从业人员阅读。
', 1);
INSERT INTO shop.book (uuid, time, userId, name, author, hownew, price, catagoryId, image, info, status) VALUES ('7FD7F50B15F74248AA769798909F8653', '2019-04-16 00:44:00', 0, 'Java网络编程（第3版）', '哈诺德', 10, 85, 1, '9062293-1_w.jpg', 'O’Reilly Java系列

测试用数据!!测试用数据!!
《Python机器学习》通过解释数学原理和展示编程示例对机器学习进行了系统、全面的解析。《Python机器学习》共分为12章，内容涵盖了机器学习以及Python语言的基础知识、特征工程的概念与操作技术、数据可视化技术的实现、监督学习及无监督学习算法、文本分析、神经网络和深度学习、推荐系统的构建方法以及预测处理时间序列的方法等。阅读《Python机器学习》能够加深读者对机器学习的认识和理解，从而达到理论与实践相结合、学以致用的目的。

《Python机器学习》适合Python程序员、数据分析人员、对机器学习感兴趣的读者以及机器学习领域的从业人员阅读。
', 1);
INSERT INTO shop.book (uuid, time, userId, name, author, hownew, price, catagoryId, image, info, status) VALUES ('819FF56E4423462394E6F83882F78975', '2019-04-16 00:45:00', 0, '学通Java Web的24堂课', '陈丹丹', 10, 80, 1, '21118835-1_w_1.jpg', '（配光盘）（软件开发羊皮卷）

测试用数据!!测试用数据!!
《Python机器学习》通过解释数学原理和展示编程示例对机器学习进行了系统、全面的解析。《Python机器学习》共分为12章，内容涵盖了机器学习以及Python语言的基础知识、特征工程的概念与操作技术、数据可视化技术的实现、监督学习及无监督学习算法、文本分析、神经网络和深度学习、推荐系统的构建方法以及预测处理时间序列的方法等。阅读《Python机器学习》能够加深读者对机器学习的认识和理解，从而达到理论与实践相结合、学以致用的目的。

《Python机器学习》适合Python程序员、数据分析人员、对机器学习感兴趣的读者以及机器学习领域的从业人员阅读。
', 1);
INSERT INTO shop.book (uuid, time, userId, name, author, hownew, price, catagoryId, image, info, status) VALUES ('81FADA99309342F4978D5C680B0C6E8C', '2019-04-16 00:46:00', 0, 'Java入门很简单', '李世民', 10, 60, 1, '22839309-1_w.jpg', '（配光盘）（入门很简单丛书）（打开Java编程之门 Java技术网推荐）

测试用数据!!测试用数据!!
《Python机器学习》通过解释数学原理和展示编程示例对机器学习进行了系统、全面的解析。《Python机器学习》共分为12章，内容涵盖了机器学习以及Python语言的基础知识、特征工程的概念与操作技术、数据可视化技术的实现、监督学习及无监督学习算法、文本分析、神经网络和深度学习、推荐系统的构建方法以及预测处理时间序列的方法等。阅读《Python机器学习》能够加深读者对机器学习的认识和理解，从而达到理论与实践相结合、学以致用的目的。

《Python机器学习》适合Python程序员、数据分析人员、对机器学习感兴趣的读者以及机器学习领域的从业人员阅读。
', 1);
INSERT INTO shop.book (uuid, time, userId, name, author, hownew, price, catagoryId, image, info, status) VALUES ('89A57D099EA14026A5C3D10CFC10C22C', '2019-04-16 00:47:00', 0, 'Java 2实用教程（第4版）', '耿祥义', 10, 40, 1, '22844118-1_w.jpg', '（21世纪高等学校计算机基础实用规划教材）

测试用数据!!测试用数据!!
《Python机器学习》通过解释数学原理和展示编程示例对机器学习进行了系统、全面的解析。《Python机器学习》共分为12章，内容涵盖了机器学习以及Python语言的基础知识、特征工程的概念与操作技术、数据可视化技术的实现、监督学习及无监督学习算法、文本分析、神经网络和深度学习、推荐系统的构建方法以及预测处理时间序列的方法等。阅读《Python机器学习》能够加深读者对机器学习的认识和理解，从而达到理论与实践相结合、学以致用的目的。

《Python机器学习》适合Python程序员、数据分析人员、对机器学习感兴趣的读者以及机器学习领域的从业人员阅读。
', 1);
INSERT INTO shop.book (uuid, time, userId, name, author, hownew, price, catagoryId, image, info, status) VALUES ('8A5B4042D5B14D6B87A34DABF327387F', '2019-04-16 00:48:00', 0, 'Java核心技术 卷II：高级特性(第9版·英文版)(上、下册)', '霍斯特曼', 10, 119, 1, '23280478-1_w.jpg', '
测试用数据!!测试用数据!!
《Python机器学习》通过解释数学原理和展示编程示例对机器学习进行了系统、全面的解析。《Python机器学习》共分为12章，内容涵盖了机器学习以及Python语言的基础知识、特征工程的概念与操作技术、数据可视化技术的实现、监督学习及无监督学习算法、文本分析、神经网络和深度学习、推荐系统的构建方法以及预测处理时间序列的方法等。阅读《Python机器学习》能够加深读者对机器学习的认识和理解，从而达到理论与实践相结合、学以致用的目的。

《Python机器学习》适合Python程序员、数据分析人员、对机器学习感兴趣的读者以及机器学习领域的从业人员阅读。
', 1);
INSERT INTO shop.book (uuid, time, userId, name, author, hownew, price, catagoryId, image, info, status) VALUES ('8DD0ADF2665B40899E09ED2983DC3F7B', '2019-04-16 00:49:00', 0, 'jQuery权威指南', '陶国荣', 10, 59, 1, '21006995-1_w_1.jpg', '（被公认的权威的、易学的jQuery实战教程，多次重印，热销中）

测试用数据!!测试用数据!!
《Python机器学习》通过解释数学原理和展示编程示例对机器学习进行了系统、全面的解析。《Python机器学习》共分为12章，内容涵盖了机器学习以及Python语言的基础知识、特征工程的概念与操作技术、数据可视化技术的实现、监督学习及无监督学习算法、文本分析、神经网络和深度学习、推荐系统的构建方法以及预测处理时间序列的方法等。阅读《Python机器学习》能够加深读者对机器学习的认识和理解，从而达到理论与实践相结合、学以致用的目的。

《Python机器学习》适合Python程序员、数据分析人员、对机器学习感兴趣的读者以及机器学习领域的从业人员阅读。
', 1);
INSERT INTO shop.book (uuid, time, userId, name, author, hownew, price, catagoryId, image, info, status) VALUES ('8E16D59BA4C34374A68029AE877613C4', '2019-04-16 00:50:00', 0, '轻量级Java EE企业应用实战（第3版）', '李刚', 10, 99, 1, '22685703-1_w.jpg', 'Struts 2＋Spring 3＋Hibernate整合开发(含CD光盘1张)

测试用数据!!测试用数据!!
《Python机器学习》通过解释数学原理和展示编程示例对机器学习进行了系统、全面的解析。《Python机器学习》共分为12章，内容涵盖了机器学习以及Python语言的基础知识、特征工程的概念与操作技术、数据可视化技术的实现、监督学习及无监督学习算法、文本分析、神经网络和深度学习、推荐系统的构建方法以及预测处理时间序列的方法等。阅读《Python机器学习》能够加深读者对机器学习的认识和理解，从而达到理论与实践相结合、学以致用的目的。

《Python机器学习》适合Python程序员、数据分析人员、对机器学习感兴趣的读者以及机器学习领域的从业人员阅读。
', 1);
INSERT INTO shop.book (uuid, time, userId, name, author, hownew, price, catagoryId, image, info, status) VALUES ('8F1520F2CED94C679433B9C109E791CB', '2019-04-16 00:51:00', 0, 'Java从入门到精通（实例版）', '明日科技', 10, 70, 1, '22862061-1_w.jpg', '（附光盘1张）（连续8月Java类全国零售排行前2名，14小时视频，732个经典实例、369项面试真题、616项测试史上最全资源库）

测试用数据!!测试用数据!!
《Python机器学习》通过解释数学原理和展示编程示例对机器学习进行了系统、全面的解析。《Python机器学习》共分为12章，内容涵盖了机器学习以及Python语言的基础知识、特征工程的概念与操作技术、数据可视化技术的实现、监督学习及无监督学习算法、文本分析、神经网络和深度学习、推荐系统的构建方法以及预测处理时间序列的方法等。阅读《Python机器学习》能够加深读者对机器学习的认识和理解，从而达到理论与实践相结合、学以致用的目的。

《Python机器学习》适合Python程序员、数据分析人员、对机器学习感兴趣的读者以及机器学习领域的从业人员阅读。
', 1);
INSERT INTO shop.book (uuid, time, userId, name, author, hownew, price, catagoryId, image, info, status) VALUES ('90E423DBE56042838806673DB3E86BD3', '2019-04-16 00:52:00', 0, 'Spring技术内幕（第2版）', '计文柯', 10, 69, 1, '22606836-1_w.jpg', '（畅销书全新升级，Spring类图书销量桂冠，从宏观和微观两个角度解析Spring架构设计和实现原理）

测试用数据!!测试用数据!!
《Python机器学习》通过解释数学原理和展示编程示例对机器学习进行了系统、全面的解析。《Python机器学习》共分为12章，内容涵盖了机器学习以及Python语言的基础知识、特征工程的概念与操作技术、数据可视化技术的实现、监督学习及无监督学习算法、文本分析、神经网络和深度学习、推荐系统的构建方法以及预测处理时间序列的方法等。阅读《Python机器学习》能够加深读者对机器学习的认识和理解，从而达到理论与实践相结合、学以致用的目的。

《Python机器学习》适合Python程序员、数据分析人员、对机器学习感兴趣的读者以及机器学习领域的从业人员阅读。
', 1);
INSERT INTO shop.book (uuid, time, userId, name, author, hownew, price, catagoryId, image, info, status) VALUES ('926B8F31C5D04F61A72F66679A0CCFFD', '2019-04-16 00:53:00', 0, 'JavaScript编程精解（华章程序员书库）', '哈弗贝克', 10, 49, 1, '22873894-1_w.jpg', '（JavaScript之父高度评价并强力推荐，系统学习JS首选！）

测试用数据!!测试用数据!!
《Python机器学习》通过解释数学原理和展示编程示例对机器学习进行了系统、全面的解析。《Python机器学习》共分为12章，内容涵盖了机器学习以及Python语言的基础知识、特征工程的概念与操作技术、数据可视化技术的实现、监督学习及无监督学习算法、文本分析、神经网络和深度学习、推荐系统的构建方法以及预测处理时间序列的方法等。阅读《Python机器学习》能够加深读者对机器学习的认识和理解，从而达到理论与实践相结合、学以致用的目的。

《Python机器学习》适合Python程序员、数据分析人员、对机器学习感兴趣的读者以及机器学习领域的从业人员阅读。
', 1);
INSERT INTO shop.book (uuid, time, userId, name, author, hownew, price, catagoryId, image, info, status) VALUES ('95AACC68D64D4D67B1E33E9EAC22B885', '2019-04-16 00:54:00', 0, 'Head First Java（中文版）', '塞若', 10, 79, 1, '9265169-1_w.jpg', '（JAVA经典畅销书 生动有趣 轻松学好JAVA）

测试用数据!!测试用数据!!
《Python机器学习》通过解释数学原理和展示编程示例对机器学习进行了系统、全面的解析。《Python机器学习》共分为12章，内容涵盖了机器学习以及Python语言的基础知识、特征工程的概念与操作技术、数据可视化技术的实现、监督学习及无监督学习算法、文本分析、神经网络和深度学习、推荐系统的构建方法以及预测处理时间序列的方法等。阅读《Python机器学习》能够加深读者对机器学习的认识和理解，从而达到理论与实践相结合、学以致用的目的。

《Python机器学习》适合Python程序员、数据分析人员、对机器学习感兴趣的读者以及机器学习领域的从业人员阅读。
', 1);
INSERT INTO shop.book (uuid, time, userId, name, author, hownew, price, catagoryId, image, info, status) VALUES ('97437DAD03FA456AA7D6154614A43B55', '2019-04-16 00:55:00', 0, 'HTML、CSS、JavaScript网页制作从入门到精通', '刘西杰', 10, 49, 1, '22928649-1_w.jpg', '（两万读者的选择，经久不衰的超级畅销书最新升级版！网页制作学习者入门必读经典！）

测试用数据!!测试用数据!!
《Python机器学习》通过解释数学原理和展示编程示例对机器学习进行了系统、全面的解析。《Python机器学习》共分为12章，内容涵盖了机器学习以及Python语言的基础知识、特征工程的概念与操作技术、数据可视化技术的实现、监督学习及无监督学习算法、文本分析、神经网络和深度学习、推荐系统的构建方法以及预测处理时间序列的方法等。阅读《Python机器学习》能够加深读者对机器学习的认识和理解，从而达到理论与实践相结合、学以致用的目的。

《Python机器学习》适合Python程序员、数据分析人员、对机器学习感兴趣的读者以及机器学习领域的从业人员阅读。
', 1);
INSERT INTO shop.book (uuid, time, userId, name, author, hownew, price, catagoryId, image, info, status) VALUES ('9923901FBF124623BC707920D8936BC8', '2019-04-16 00:56:00', 0, 'JavaScript DOM编程艺术(第2版)', '基思', 10, 49, 1, '21049601-1_w_1.jpg', '
测试用数据!!测试用数据!!
《Python机器学习》通过解释数学原理和展示编程示例对机器学习进行了系统、全面的解析。《Python机器学习》共分为12章，内容涵盖了机器学习以及Python语言的基础知识、特征工程的概念与操作技术、数据可视化技术的实现、监督学习及无监督学习算法、文本分析、神经网络和深度学习、推荐系统的构建方法以及预测处理时间序列的方法等。阅读《Python机器学习》能够加深读者对机器学习的认识和理解，从而达到理论与实践相结合、学以致用的目的。

《Python机器学习》适合Python程序员、数据分析人员、对机器学习感兴趣的读者以及机器学习领域的从业人员阅读。
', 1);
INSERT INTO shop.book (uuid, time, userId, name, author, hownew, price, catagoryId, image, info, status) VALUES ('99BF63AC12AD48FCB673F1820888964E', '2019-04-16 00:57:00', 0, 'Java Web开发实战1200例（第Ⅱ卷）', '无', 10, 99, 1, '21110929-1_w_1.jpg', '（史上最全的“编程实例”类图书，代码分析、实例速查、练习巩固的绝好帮手）

测试用数据!!测试用数据!!
《Python机器学习》通过解释数学原理和展示编程示例对机器学习进行了系统、全面的解析。《Python机器学习》共分为12章，内容涵盖了机器学习以及Python语言的基础知识、特征工程的概念与操作技术、数据可视化技术的实现、监督学习及无监督学习算法、文本分析、神经网络和深度学习、推荐系统的构建方法以及预测处理时间序列的方法等。阅读《Python机器学习》能够加深读者对机器学习的认识和理解，从而达到理论与实践相结合、学以致用的目的。

《Python机器学习》适合Python程序员、数据分析人员、对机器学习感兴趣的读者以及机器学习领域的从业人员阅读。
', 1);
INSERT INTO shop.book (uuid, time, userId, name, author, hownew, price, catagoryId, image, info, status) VALUES ('9D257176A6934CB79427CEC37E69249F', '2019-04-16 00:58:00', 0, '疯狂Ajax讲义（第3版）', '李刚', 10, 79, 1, '23184673-1_w.jpg', 'jQuery/Ext JS/Prototype/DWR企业应用前端开发实战(含CD光盘1张)（畅销书升级版，企业应用前端开发实战指南）

测试用数据!!测试用数据!!
《Python机器学习》通过解释数学原理和展示编程示例对机器学习进行了系统、全面的解析。《Python机器学习》共分为12章，内容涵盖了机器学习以及Python语言的基础知识、特征工程的概念与操作技术、数据可视化技术的实现、监督学习及无监督学习算法、文本分析、神经网络和深度学习、推荐系统的构建方法以及预测处理时间序列的方法等。阅读《Python机器学习》能够加深读者对机器学习的认识和理解，从而达到理论与实践相结合、学以致用的目的。

《Python机器学习》适合Python程序员、数据分析人员、对机器学习感兴趣的读者以及机器学习领域的从业人员阅读。
', 1);
INSERT INTO shop.book (uuid, time, userId, name, author, hownew, price, catagoryId, image, info, status) VALUES ('9FBD51A7C02D4F5B9862CD2EBBF5CA04', '2019-04-16 00:59:00', 0, 'Flash ActionScript 3.0全站互动设计', '刘欢 ', 10, 70, 1, '22886581-1_w.jpg', '
测试用数据!!测试用数据!!
《Python机器学习》通过解释数学原理和展示编程示例对机器学习进行了系统、全面的解析。《Python机器学习》共分为12章，内容涵盖了机器学习以及Python语言的基础知识、特征工程的概念与操作技术、数据可视化技术的实现、监督学习及无监督学习算法、文本分析、神经网络和深度学习、推荐系统的构建方法以及预测处理时间序列的方法等。阅读《Python机器学习》能够加深读者对机器学习的认识和理解，从而达到理论与实践相结合、学以致用的目的。

《Python机器学习》适合Python程序员、数据分析人员、对机器学习感兴趣的读者以及机器学习领域的从业人员阅读。
', 1);
INSERT INTO shop.book (uuid, time, userId, name, author, hownew, price, catagoryId, image, info, status) VALUES ('9FF423101836438F874035A48498CF45', '2019-04-16 01:00:00', 0, 'Java编程思想（英文版·第4版）', '埃克尔 ', 10, 79, 1, '9288920-1_w.jpg', '
测试用数据!!测试用数据!!
《Python机器学习》通过解释数学原理和展示编程示例对机器学习进行了系统、全面的解析。《Python机器学习》共分为12章，内容涵盖了机器学习以及Python语言的基础知识、特征工程的概念与操作技术、数据可视化技术的实现、监督学习及无监督学习算法、文本分析、神经网络和深度学习、推荐系统的构建方法以及预测处理时间序列的方法等。阅读《Python机器学习》能够加深读者对机器学习的认识和理解，从而达到理论与实践相结合、学以致用的目的。

《Python机器学习》适合Python程序员、数据分析人员、对机器学习感兴趣的读者以及机器学习领域的从业人员阅读。
', 1);
INSERT INTO shop.book (uuid, time, userId, name, author, hownew, price, catagoryId, image, info, status) VALUES ('A3D464D1D1344ED5983920B472826730', '2019-04-16 01:01:00', 0, 'Java Web开发详解：XML+DTD+XML Schema+XSLT+Servlet 3 0+JSP 2 2深入剖析与实例应用', '孙鑫', 10, 119, 1, '22788412-1_w.jpg', '(含CD光盘1张)

测试用数据!!测试用数据!!
《Python机器学习》通过解释数学原理和展示编程示例对机器学习进行了系统、全面的解析。《Python机器学习》共分为12章，内容涵盖了机器学习以及Python语言的基础知识、特征工程的概念与操作技术、数据可视化技术的实现、监督学习及无监督学习算法、文本分析、神经网络和深度学习、推荐系统的构建方法以及预测处理时间序列的方法等。阅读《Python机器学习》能够加深读者对机器学习的认识和理解，从而达到理论与实践相结合、学以致用的目的。

《Python机器学习》适合Python程序员、数据分析人员、对机器学习感兴趣的读者以及机器学习领域的从业人员阅读。
', 1);
INSERT INTO shop.book (uuid, time, userId, name, author, hownew, price, catagoryId, image, info, status) VALUES ('A46A0F48A4F649AE9008B38EA48FAEBA', '2019-04-16 01:02:00', 0, 'Java编程全能词典', '明日科技', 10, 98, 1, '20813806-1_w_1.jpg', '(含DVD光盘2张)

测试用数据!!测试用数据!!
《Python机器学习》通过解释数学原理和展示编程示例对机器学习进行了系统、全面的解析。《Python机器学习》共分为12章，内容涵盖了机器学习以及Python语言的基础知识、特征工程的概念与操作技术、数据可视化技术的实现、监督学习及无监督学习算法、文本分析、神经网络和深度学习、推荐系统的构建方法以及预测处理时间序列的方法等。阅读《Python机器学习》能够加深读者对机器学习的认识和理解，从而达到理论与实践相结合、学以致用的目的。

《Python机器学习》适合Python程序员、数据分析人员、对机器学习感兴趣的读者以及机器学习领域的从业人员阅读。
', 1);
INSERT INTO shop.book (uuid, time, userId, name, author, hownew, price, catagoryId, image, info, status) VALUES ('A5A6F27DCD174614850B26633A0B4605', '2019-04-16 01:03:00', 0, 'JavaScript模式', '斯特凡洛夫', 10, 38, 1, '22819430-1_w.jpg', '
测试用数据!!测试用数据!!
《Python机器学习》通过解释数学原理和展示编程示例对机器学习进行了系统、全面的解析。《Python机器学习》共分为12章，内容涵盖了机器学习以及Python语言的基础知识、特征工程的概念与操作技术、数据可视化技术的实现、监督学习及无监督学习算法、文本分析、神经网络和深度学习、推荐系统的构建方法以及预测处理时间序列的方法等。阅读《Python机器学习》能够加深读者对机器学习的认识和理解，从而达到理论与实践相结合、学以致用的目的。

《Python机器学习》适合Python程序员、数据分析人员、对机器学习感兴趣的读者以及机器学习领域的从业人员阅读。
', 1);
INSERT INTO shop.book (uuid, time, userId, name, author, hownew, price, catagoryId, image, info, status) VALUES ('A7220EF174704012830E066FDFAAD4AD', '2019-04-16 01:04:00', 0, 'Spring 3.0就这么简单', '陈雄华', 10, 59, 1, '22938474-1_w.jpg', '（国内原创的Java敏捷开发图书，展现作者Spring原创开源项目ROP开发的全过程，所有项目工程均以Maven组织）

测试用数据!!测试用数据!!
《Python机器学习》通过解释数学原理和展示编程示例对机器学习进行了系统、全面的解析。《Python机器学习》共分为12章，内容涵盖了机器学习以及Python语言的基础知识、特征工程的概念与操作技术、数据可视化技术的实现、监督学习及无监督学习算法、文本分析、神经网络和深度学习、推荐系统的构建方法以及预测处理时间序列的方法等。阅读《Python机器学习》能够加深读者对机器学习的认识和理解，从而达到理论与实践相结合、学以致用的目的。

《Python机器学习》适合Python程序员、数据分析人员、对机器学习感兴趣的读者以及机器学习领域的从业人员阅读。
', 1);
INSERT INTO shop.book (uuid, time, userId, name, author, hownew, price, catagoryId, image, info, status) VALUES ('A7EFD99367C9434682A790635D3C5FDF', '2019-04-16 01:05:00', 0, 'Java Web技术整合应用与项目实战', '张志锋', 10, 98, 1, '23266270-1_w.jpg', '（JSP+Servlet+Struts2+Hibernate+Spring3）

测试用数据!!测试用数据!!
《Python机器学习》通过解释数学原理和展示编程示例对机器学习进行了系统、全面的解析。《Python机器学习》共分为12章，内容涵盖了机器学习以及Python语言的基础知识、特征工程的概念与操作技术、数据可视化技术的实现、监督学习及无监督学习算法、文本分析、神经网络和深度学习、推荐系统的构建方法以及预测处理时间序列的方法等。阅读《Python机器学习》能够加深读者对机器学习的认识和理解，从而达到理论与实践相结合、学以致用的目的。

《Python机器学习》适合Python程序员、数据分析人员、对机器学习感兴趣的读者以及机器学习领域的从业人员阅读。
', 1);
INSERT INTO shop.book (uuid, time, userId, name, author, hownew, price, catagoryId, image, info, status) VALUES ('A8EF76FD21A645109538614DEA85F3F7', '2019-04-16 01:06:00', 0, 'Java语言程序设计：基础篇', '梁勇', 10, 75, 1, '21122188-1_w_1.jpg', '（原书第8版）

测试用数据!!测试用数据!!
《Python机器学习》通过解释数学原理和展示编程示例对机器学习进行了系统、全面的解析。《Python机器学习》共分为12章，内容涵盖了机器学习以及Python语言的基础知识、特征工程的概念与操作技术、数据可视化技术的实现、监督学习及无监督学习算法、文本分析、神经网络和深度学习、推荐系统的构建方法以及预测处理时间序列的方法等。阅读《Python机器学习》能够加深读者对机器学习的认识和理解，从而达到理论与实践相结合、学以致用的目的。

《Python机器学习》适合Python程序员、数据分析人员、对机器学习感兴趣的读者以及机器学习领域的从业人员阅读。
', 1);
INSERT INTO shop.book (uuid, time, userId, name, author, hownew, price, catagoryId, image, info, status) VALUES ('AD6EA79CCB8240AAAF5B292AD7E5DCAA', '2019-04-16 01:07:00', 0, 'jQuery Mobile权威指南', '陶国荣', 10, 59, 1, '22847009-1_w.jpg', '（根据jQuery Mobile最新版本撰写的权威参考书！全面讲解jQuery Mobile的所有功能、特性、使用方法和开发技巧）

测试用数据!!测试用数据!!
《Python机器学习》通过解释数学原理和展示编程示例对机器学习进行了系统、全面的解析。《Python机器学习》共分为12章，内容涵盖了机器学习以及Python语言的基础知识、特征工程的概念与操作技术、数据可视化技术的实现、监督学习及无监督学习算法、文本分析、神经网络和深度学习、推荐系统的构建方法以及预测处理时间序列的方法等。阅读《Python机器学习》能够加深读者对机器学习的认识和理解，从而达到理论与实践相结合、学以致用的目的。

《Python机器学习》适合Python程序员、数据分析人员、对机器学习感兴趣的读者以及机器学习领域的从业人员阅读。
', 1);
INSERT INTO shop.book (uuid, time, userId, name, author, hownew, price, catagoryId, image, info, status) VALUES ('AE0935F13A214436B8599DE285A86220', '2019-04-16 01:08:00', 0, 'JavaScript基础教程(第8版)', 'Tom Negrino　Dori Smith', 10, 69, 1, '22717349-1_w.jpg', '(经典JavaScript入门书 涵盖Ajax和jQuery)

测试用数据!!测试用数据!!
《Python机器学习》通过解释数学原理和展示编程示例对机器学习进行了系统、全面的解析。《Python机器学习》共分为12章，内容涵盖了机器学习以及Python语言的基础知识、特征工程的概念与操作技术、数据可视化技术的实现、监督学习及无监督学习算法、文本分析、神经网络和深度学习、推荐系统的构建方法以及预测处理时间序列的方法等。阅读《Python机器学习》能够加深读者对机器学习的认识和理解，从而达到理论与实践相结合、学以致用的目的。

《Python机器学习》适合Python程序员、数据分析人员、对机器学习感兴趣的读者以及机器学习领域的从业人员阅读。
', 1);
INSERT INTO shop.book (uuid, time, userId, name, author, hownew, price, catagoryId, image, info, status) VALUES ('AEA5DBDEACAE4BCC80E82CF72E7C0329', '2019-05-30 12:27:39', 0, '游泳突破：提速秘诀', '[美]希拉·陶米娜（Sheila Tao', 10, 26, 5, 'ABFFB52F4A3D46399BA0B061248E44C9.jpg', '游泳突破系列图书共有3册，分别从游泳提速秘诀、精进技术以及精准训练3个方面全面讲解了自由泳的技术及训练。

本书为第1册，主要介绍了自由泳的姿势动作及提速秘诀，是核心也是关键的基础知识。全书共分9章，包括泳池里的80/20法则，决定速度的游泳方程式，提高速度的关键要素，流体力学和推进理论，水下核心技术动作讲解及训练，力量、柔韧性和水感训练，科学的划水次数与周期讲解，以及游泳运动经历的变化等内容。

本书适合广大游泳爱好者、铁人三项爱好者阅读。', 1);
INSERT INTO shop.book (uuid, time, userId, name, author, hownew, price, catagoryId, image, info, status) VALUES ('AF28ED8F692C4288B32CF411CBDBFC23', '2019-04-16 01:09:00', 0, '经典Java EE企业应用实战——基于WebLogic/JBoss的JSF+EJB 3+JPA整合开发', '无', 10, 79, 1, '20928547-1_w_1.jpg', '(含CD光盘1张)

测试用数据!!测试用数据!!
《Python机器学习》通过解释数学原理和展示编程示例对机器学习进行了系统、全面的解析。《Python机器学习》共分为12章，内容涵盖了机器学习以及Python语言的基础知识、特征工程的概念与操作技术、数据可视化技术的实现、监督学习及无监督学习算法、文本分析、神经网络和深度学习、推荐系统的构建方法以及预测处理时间序列的方法等。阅读《Python机器学习》能够加深读者对机器学习的认识和理解，从而达到理论与实践相结合、学以致用的目的。

《Python机器学习》适合Python程序员、数据分析人员、对机器学习感兴趣的读者以及机器学习领域的从业人员阅读。
', 1);
INSERT INTO shop.book (uuid, time, userId, name, author, hownew, price, catagoryId, image, info, status) VALUES ('B329A14DDEF8455F82B3FDF25821D2BB', '2019-04-16 01:10:00', 0, '名师讲坛——Java Web开发实战经典基础篇（JSP、Servlet、Struts、Ajax）', '李兴华', 10, 70, 1, '20915948-1_w_3.jpg', '（32小时全真课堂培训，视频超级给力！390项实例及分析，北京魔乐科技培训中心Java Web全部精华）

测试用数据!!测试用数据!!
《Python机器学习》通过解释数学原理和展示编程示例对机器学习进行了系统、全面的解析。《Python机器学习》共分为12章，内容涵盖了机器学习以及Python语言的基础知识、特征工程的概念与操作技术、数据可视化技术的实现、监督学习及无监督学习算法、文本分析、神经网络和深度学习、推荐系统的构建方法以及预测处理时间序列的方法等。阅读《Python机器学习》能够加深读者对机器学习的认识和理解，从而达到理论与实践相结合、学以致用的目的。

《Python机器学习》适合Python程序员、数据分析人员、对机器学习感兴趣的读者以及机器学习领域的从业人员阅读。
', 1);
INSERT INTO shop.book (uuid, time, userId, name, author, hownew, price, catagoryId, image, info, status) VALUES ('B7A7DA7A94E54054841EED1F70C3027C', '2019-04-16 01:11:00', 0, '锋利的jQuery(第2版)', '单东林', 10, 49, 1, '22786088-1_w.jpg', '(畅销书升级版，增加jQuery Mobile和性能优化)

测试用数据!!测试用数据!!
《Python机器学习》通过解释数学原理和展示编程示例对机器学习进行了系统、全面的解析。《Python机器学习》共分为12章，内容涵盖了机器学习以及Python语言的基础知识、特征工程的概念与操作技术、数据可视化技术的实现、监督学习及无监督学习算法、文本分析、神经网络和深度学习、推荐系统的构建方法以及预测处理时间序列的方法等。阅读《Python机器学习》能够加深读者对机器学习的认识和理解，从而达到理论与实践相结合、学以致用的目的。

《Python机器学习》适合Python程序员、数据分析人员、对机器学习感兴趣的读者以及机器学习领域的从业人员阅读。
', 1);
INSERT INTO shop.book (uuid, time, userId, name, author, hownew, price, catagoryId, image, info, status) VALUES ('BD1CB005E4A04DCA881DA8689E21D4D0', '2019-04-16 01:12:00', 0, 'jQuery UI开发指南', 'Eric Sarrion', 10, 39, 1, '22910975-1_w.jpg', '
测试用数据!!测试用数据!!
《Python机器学习》通过解释数学原理和展示编程示例对机器学习进行了系统、全面的解析。《Python机器学习》共分为12章，内容涵盖了机器学习以及Python语言的基础知识、特征工程的概念与操作技术、数据可视化技术的实现、监督学习及无监督学习算法、文本分析、神经网络和深度学习、推荐系统的构建方法以及预测处理时间序列的方法等。阅读《Python机器学习》能够加深读者对机器学习的认识和理解，从而达到理论与实践相结合、学以致用的目的。

《Python机器学习》适合Python程序员、数据分析人员、对机器学习感兴趣的读者以及机器学习领域的从业人员阅读。
', 1);
INSERT INTO shop.book (uuid, time, userId, name, author, hownew, price, catagoryId, image, info, status) VALUES ('C23E6E8A6DB94E27B6E2ABD39DC21AF5', '2019-04-16 01:13:00', 0, 'JavaScript:The Good Parts', '克罗克福特', 10, 28, 1, '20412979-1_w.jpg', '(影印版）

测试用数据!!测试用数据!!
《Python机器学习》通过解释数学原理和展示编程示例对机器学习进行了系统、全面的解析。《Python机器学习》共分为12章，内容涵盖了机器学习以及Python语言的基础知识、特征工程的概念与操作技术、数据可视化技术的实现、监督学习及无监督学习算法、文本分析、神经网络和深度学习、推荐系统的构建方法以及预测处理时间序列的方法等。阅读《Python机器学习》能够加深读者对机器学习的认识和理解，从而达到理论与实践相结合、学以致用的目的。

《Python机器学习》适合Python程序员、数据分析人员、对机器学习感兴趣的读者以及机器学习领域的从业人员阅读。
', 1);
INSERT INTO shop.book (uuid, time, userId, name, author, hownew, price, catagoryId, image, info, status) VALUES ('C3CF52B3ED2D4187A16754551488D733', '2019-04-16 01:14:00', 0, 'Java从入门到精通', '魔乐科技', 10, 59, 1, '20810282-1_w_1.jpg', '（附光盘）

测试用数据!!测试用数据!!
《Python机器学习》通过解释数学原理和展示编程示例对机器学习进行了系统、全面的解析。《Python机器学习》共分为12章，内容涵盖了机器学习以及Python语言的基础知识、特征工程的概念与操作技术、数据可视化技术的实现、监督学习及无监督学习算法、文本分析、神经网络和深度学习、推荐系统的构建方法以及预测处理时间序列的方法等。阅读《Python机器学习》能够加深读者对机器学习的认识和理解，从而达到理论与实践相结合、学以致用的目的。

《Python机器学习》适合Python程序员、数据分析人员、对机器学习感兴趣的读者以及机器学习领域的从业人员阅读。
', 1);
INSERT INTO shop.book (uuid, time, userId, name, author, hownew, price, catagoryId, image, info, status) VALUES ('C86D3F6FACB449BEBD940D9307ED4A47', '2019-04-16 01:15:00', 0, '编写高质量代码：改善Java程序的151个建议', '秦小波', 10, 59, 1, '22579686-1_w.jpg', '(从语法、程序设计和架构、工具和框架、编码风格、编程思想5个方面探讨编写高质量Java代码的技巧、禁忌和最佳实践)

测试用数据!!测试用数据!!
《Python机器学习》通过解释数学原理和展示编程示例对机器学习进行了系统、全面的解析。《Python机器学习》共分为12章，内容涵盖了机器学习以及Python语言的基础知识、特征工程的概念与操作技术、数据可视化技术的实现、监督学习及无监督学习算法、文本分析、神经网络和深度学习、推荐系统的构建方法以及预测处理时间序列的方法等。阅读《Python机器学习》能够加深读者对机器学习的认识和理解，从而达到理论与实践相结合、学以致用的目的。

《Python机器学习》适合Python程序员、数据分析人员、对机器学习感兴趣的读者以及机器学习领域的从业人员阅读。
', 1);
INSERT INTO shop.book (uuid, time, userId, name, author, hownew, price, catagoryId, image, info, status) VALUES ('CB0AB3654945411EA69F368D0EA91A00', '2019-04-16 01:16:00', 0, 'JavaScript语言精粹（修订版）', '道格拉斯·克罗克福德', 10, 49, 1, '22872884-1_w.jpg', '
测试用数据!!测试用数据!!
《Python机器学习》通过解释数学原理和展示编程示例对机器学习进行了系统、全面的解析。《Python机器学习》共分为12章，内容涵盖了机器学习以及Python语言的基础知识、特征工程的概念与操作技术、数据可视化技术的实现、监督学习及无监督学习算法、文本分析、神经网络和深度学习、推荐系统的构建方法以及预测处理时间序列的方法等。阅读《Python机器学习》能够加深读者对机器学习的认识和理解，从而达到理论与实践相结合、学以致用的目的。

《Python机器学习》适合Python程序员、数据分析人员、对机器学习感兴趣的读者以及机器学习领域的从业人员阅读。
', 1);
INSERT INTO shop.book (uuid, time, userId, name, author, hownew, price, catagoryId, image, info, status) VALUES ('CD913617EE964D0DBAF20C60076D32FB', '2019-04-16 01:17:00', 0, '名师讲坛——Java开发实战经典', '李兴华', 10, 80, 1, '20637368-1_w_2.jpg', '（配光盘）（60小时全真课堂培训，视频超级给力！790项实例及分析，北京魔乐科技培训中心Java全部精华）

测试用数据!!测试用数据!!
《Python机器学习》通过解释数学原理和展示编程示例对机器学习进行了系统、全面的解析。《Python机器学习》共分为12章，内容涵盖了机器学习以及Python语言的基础知识、特征工程的概念与操作技术、数据可视化技术的实现、监督学习及无监督学习算法、文本分析、神经网络和深度学习、推荐系统的构建方法以及预测处理时间序列的方法等。阅读《Python机器学习》能够加深读者对机器学习的认识和理解，从而达到理论与实践相结合、学以致用的目的。

《Python机器学习》适合Python程序员、数据分析人员、对机器学习感兴趣的读者以及机器学习领域的从业人员阅读。
', 1);
INSERT INTO shop.book (uuid, time, userId, name, author, hownew, price, catagoryId, image, info, status) VALUES ('CE01F15D435A4C51B0AD8202A318DCA7', '2019-04-16 01:18:00', 0, 'Java编程思想（第4版）', '布鲁斯.艾克尔', 10, 108, 1, '9317290-1_w.jpg', '
测试用数据!!测试用数据!!
《Python机器学习》通过解释数学原理和展示编程示例对机器学习进行了系统、全面的解析。《Python机器学习》共分为12章，内容涵盖了机器学习以及Python语言的基础知识、特征工程的概念与操作技术、数据可视化技术的实现、监督学习及无监督学习算法、文本分析、神经网络和深度学习、推荐系统的构建方法以及预测处理时间序列的方法等。阅读《Python机器学习》能够加深读者对机器学习的认识和理解，从而达到理论与实践相结合、学以致用的目的。

《Python机器学习》适合Python程序员、数据分析人员、对机器学习感兴趣的读者以及机器学习领域的从业人员阅读。
', 1);
INSERT INTO shop.book (uuid, time, userId, name, author, hownew, price, catagoryId, image, info, status) VALUES ('CF5546769F2842DABB2EF7A00D51F255', '2019-04-16 01:19:00', 0, 'jQuery开发从入门到精通', '袁江', 10, 80, 1, '23263012-1_w.jpg', '（配套视频327节，中小实例232个，实战案例7个商品详情手册11部，网页模版83类）（附1DVD）

测试用数据!!测试用数据!!
《Python机器学习》通过解释数学原理和展示编程示例对机器学习进行了系统、全面的解析。《Python机器学习》共分为12章，内容涵盖了机器学习以及Python语言的基础知识、特征工程的概念与操作技术、数据可视化技术的实现、监督学习及无监督学习算法、文本分析、神经网络和深度学习、推荐系统的构建方法以及预测处理时间序列的方法等。阅读《Python机器学习》能够加深读者对机器学习的认识和理解，从而达到理论与实践相结合、学以致用的目的。

《Python机器学习》适合Python程序员、数据分析人员、对机器学习感兴趣的读者以及机器学习领域的从业人员阅读。
', 1);
INSERT INTO shop.book (uuid, time, userId, name, author, hownew, price, catagoryId, image, info, status) VALUES ('D0DA36CEE42549FFB299B7C7129761D5', '2019-04-16 01:20:00', 0, 'Java应用架构设计：模块化模式与OSGi', '克内恩席尔德', 10, 69, 1, '23339643-1_w.jpg', '(全球资深Java技术专家的力作，系统、全面地讲解如何将模块化设计思想引入开发中，涵盖18个有助于实现模块化软件架构的模式)

测试用数据!!测试用数据!!
《Python机器学习》通过解释数学原理和展示编程示例对机器学习进行了系统、全面的解析。《Python机器学习》共分为12章，内容涵盖了机器学习以及Python语言的基础知识、特征工程的概念与操作技术、数据可视化技术的实现、监督学习及无监督学习算法、文本分析、神经网络和深度学习、推荐系统的构建方法以及预测处理时间序列的方法等。阅读《Python机器学习》能够加深读者对机器学习的认识和理解，从而达到理论与实践相结合、学以致用的目的。

《Python机器学习》适合Python程序员、数据分析人员、对机器学习感兴趣的读者以及机器学习领域的从业人员阅读。
', 1);
INSERT INTO shop.book (uuid, time, userId, name, author, hownew, price, catagoryId, image, info, status) VALUES ('D0E69F85ACAB4C15BB40966E5AA545F1', '2019-04-16 01:21:00', 0, 'Java并发编程实战', 'Brian Goetz', 10, 69, 1, '22606835-1_w.jpg', '（第16届Jolt大奖提名图书，Java并发编程必读佳作)

测试用数据!!测试用数据!!
《Python机器学习》通过解释数学原理和展示编程示例对机器学习进行了系统、全面的解析。《Python机器学习》共分为12章，内容涵盖了机器学习以及Python语言的基础知识、特征工程的概念与操作技术、数据可视化技术的实现、监督学习及无监督学习算法、文本分析、神经网络和深度学习、推荐系统的构建方法以及预测处理时间序列的方法等。阅读《Python机器学习》能够加深读者对机器学习的认识和理解，从而达到理论与实践相结合、学以致用的目的。

《Python机器学习》适合Python程序员、数据分析人员、对机器学习感兴趣的读者以及机器学习领域的从业人员阅读。
', 1);
INSERT INTO shop.book (uuid, time, userId, name, author, hownew, price, catagoryId, image, info, status) VALUES ('D2ABA8B06C524632846F27C34568F3CE', '2019-04-16 01:22:00', 0, 'Java 经典实例', '达尔文', 10, 98, 1, '20500255-1_w.jpg', '
测试用数据!!测试用数据!!
《Python机器学习》通过解释数学原理和展示编程示例对机器学习进行了系统、全面的解析。《Python机器学习》共分为12章，内容涵盖了机器学习以及Python语言的基础知识、特征工程的概念与操作技术、数据可视化技术的实现、监督学习及无监督学习算法、文本分析、神经网络和深度学习、推荐系统的构建方法以及预测处理时间序列的方法等。阅读《Python机器学习》能够加深读者对机器学习的认识和理解，从而达到理论与实践相结合、学以致用的目的。

《Python机器学习》适合Python程序员、数据分析人员、对机器学习感兴趣的读者以及机器学习领域的从业人员阅读。
', 1);
INSERT INTO shop.book (uuid, time, userId, name, author, hownew, price, catagoryId, image, info, status) VALUES ('D8723405BA054C13B52357B8F6AEEC24', '2019-04-16 01:23:00', 0, '深入理解Java虚拟机：JVM高级特性与最佳实践（第2版）', '周志明', 10, 79, 1, '23259731-1_w.jpg', '
测试用数据!!测试用数据!!
《Python机器学习》通过解释数学原理和展示编程示例对机器学习进行了系统、全面的解析。《Python机器学习》共分为12章，内容涵盖了机器学习以及Python语言的基础知识、特征工程的概念与操作技术、数据可视化技术的实现、监督学习及无监督学习算法、文本分析、神经网络和深度学习、推荐系统的构建方法以及预测处理时间序列的方法等。阅读《Python机器学习》能够加深读者对机器学习的认识和理解，从而达到理论与实践相结合、学以致用的目的。

《Python机器学习》适合Python程序员、数据分析人员、对机器学习感兴趣的读者以及机器学习领域的从业人员阅读。
', 1);
INSERT INTO shop.book (uuid, time, userId, name, author, hownew, price, catagoryId, image, info, status) VALUES ('DC36FD53A1514312A0A9ADD53A583886', '2019-04-16 01:24:00', 0, 'JavaScript异步编程：设计快速响应的网络应用', 'Trevor Burnham ', 10, 32, 1, '23252196-1_w.jpg', '【掌握JavaScript异步编程必杀技，让代码更具响应度！ 】

测试用数据!!测试用数据!!
《Python机器学习》通过解释数学原理和展示编程示例对机器学习进行了系统、全面的解析。《Python机器学习》共分为12章，内容涵盖了机器学习以及Python语言的基础知识、特征工程的概念与操作技术、数据可视化技术的实现、监督学习及无监督学习算法、文本分析、神经网络和深度学习、推荐系统的构建方法以及预测处理时间序列的方法等。阅读《Python机器学习》能够加深读者对机器学习的认识和理解，从而达到理论与实践相结合、学以致用的目的。

《Python机器学习》适合Python程序员、数据分析人员、对机器学习感兴趣的读者以及机器学习领域的从业人员阅读。
', 1);
INSERT INTO shop.book (uuid, time, userId, name, author, hownew, price, catagoryId, image, info, status) VALUES ('DCB64DF0084E486EBF173F729A3A630A', '2019-04-16 01:25:00', 0, 'Java设计模式(第2版)', 'Steven John Metsker', 10, 75, 1, '22868759-1_w.jpg', '
测试用数据!!测试用数据!!
《Python机器学习》通过解释数学原理和展示编程示例对机器学习进行了系统、全面的解析。《Python机器学习》共分为12章，内容涵盖了机器学习以及Python语言的基础知识、特征工程的概念与操作技术、数据可视化技术的实现、监督学习及无监督学习算法、文本分析、神经网络和深度学习、推荐系统的构建方法以及预测处理时间序列的方法等。阅读《Python机器学习》能够加深读者对机器学习的认识和理解，从而达到理论与实践相结合、学以致用的目的。

《Python机器学习》适合Python程序员、数据分析人员、对机器学习感兴趣的读者以及机器学习领域的从业人员阅读。
', 1);
INSERT INTO shop.book (uuid, time, userId, name, author, hownew, price, catagoryId, image, info, status) VALUES ('DEE7BDC7E0E343149E3C3601D2658171', '2019-04-16 01:26:00', 0, '疯狂HTML 5/CSS 3/JavaScript讲义', '李刚', 10, 69, 1, '22783904-1_w.jpg', '(含CD光盘1张)

测试用数据!!测试用数据!!
《Python机器学习》通过解释数学原理和展示编程示例对机器学习进行了系统、全面的解析。《Python机器学习》共分为12章，内容涵盖了机器学习以及Python语言的基础知识、特征工程的概念与操作技术、数据可视化技术的实现、监督学习及无监督学习算法、文本分析、神经网络和深度学习、推荐系统的构建方法以及预测处理时间序列的方法等。阅读《Python机器学习》能够加深读者对机器学习的认识和理解，从而达到理论与实践相结合、学以致用的目的。

《Python机器学习》适合Python程序员、数据分析人员、对机器学习感兴趣的读者以及机器学习领域的从业人员阅读。
', 1);
INSERT INTO shop.book (uuid, time, userId, name, author, hownew, price, catagoryId, image, info, status) VALUES ('DF4E74EEE89B43229BB8212F0B858C38', '2019-04-16 01:27:00', 0, '精通Hibernate：Java对象持久化技术详解（第2版）', '孙卫琴', 10, 75, 1, '20773347-1_w_1.jpg', '(含光盘1张)

测试用数据!!测试用数据!!
《Python机器学习》通过解释数学原理和展示编程示例对机器学习进行了系统、全面的解析。《Python机器学习》共分为12章，内容涵盖了机器学习以及Python语言的基础知识、特征工程的概念与操作技术、数据可视化技术的实现、监督学习及无监督学习算法、文本分析、神经网络和深度学习、推荐系统的构建方法以及预测处理时间序列的方法等。阅读《Python机器学习》能够加深读者对机器学习的认识和理解，从而达到理论与实践相结合、学以致用的目的。

《Python机器学习》适合Python程序员、数据分析人员、对机器学习感兴趣的读者以及机器学习领域的从业人员阅读。
', 1);
INSERT INTO shop.book (uuid, time, userId, name, author, hownew, price, catagoryId, image, info, status) VALUES ('E4F184188C8B4C7BB32D4E76603426AC', '2019-04-16 01:28:00', 0, '疯狂Java讲义（第2版，附光盘）', '李刚', 10, 109, 1, '22588603-1_w.jpg', '
测试用数据!!测试用数据!!
《Python机器学习》通过解释数学原理和展示编程示例对机器学习进行了系统、全面的解析。《Python机器学习》共分为12章，内容涵盖了机器学习以及Python语言的基础知识、特征工程的概念与操作技术、数据可视化技术的实现、监督学习及无监督学习算法、文本分析、神经网络和深度学习、推荐系统的构建方法以及预测处理时间序列的方法等。阅读《Python机器学习》能够加深读者对机器学习的认识和理解，从而达到理论与实践相结合、学以致用的目的。

《Python机器学习》适合Python程序员、数据分析人员、对机器学习感兴趣的读者以及机器学习领域的从业人员阅读。
', 1);
INSERT INTO shop.book (uuid, time, userId, name, author, hownew, price, catagoryId, image, info, status) VALUES ('EA695342393C4BE48B831FA5E6B0E5C4', '2019-04-16 01:29:00', 0, '编写可维护的JavaScript', 'Nicholas C. Zakas', 10, 55, 1, '23200995-1_w.jpg', '《JavaScript高级程序设计》作者Nicholas Zakas最新力作，构建编码风格手册，帮助开发团队从“游击队”走向“正规军”）

测试用数据!!测试用数据!!
《Python机器学习》通过解释数学原理和展示编程示例对机器学习进行了系统、全面的解析。《Python机器学习》共分为12章，内容涵盖了机器学习以及Python语言的基础知识、特征工程的概念与操作技术、数据可视化技术的实现、监督学习及无监督学习算法、文本分析、神经网络和深度学习、推荐系统的构建方法以及预测处理时间序列的方法等。阅读《Python机器学习》能够加深读者对机器学习的认识和理解，从而达到理论与实践相结合、学以致用的目的。

《Python机器学习》适合Python程序员、数据分析人员、对机器学习感兴趣的读者以及机器学习领域的从业人员阅读。
', 1);
INSERT INTO shop.book (uuid, time, userId, name, author, hownew, price, catagoryId, image, info, status) VALUES ('F0E34313BF304CCEBF198BD4E05307B8', '2019-04-16 01:30:00', 0, 'jQuery Cookbook中文版', 'jQuery社区专家组', 10, 69, 1, '23219358-1_w.jpg', '（jQuery之父鼎力推荐，社区数十位专家倾情力作

测试用数据!!测试用数据!!
《Python机器学习》通过解释数学原理和展示编程示例对机器学习进行了系统、全面的解析。《Python机器学习》共分为12章，内容涵盖了机器学习以及Python语言的基础知识、特征工程的概念与操作技术、数据可视化技术的实现、监督学习及无监督学习算法、文本分析、神经网络和深度学习、推荐系统的构建方法以及预测处理时间序列的方法等。阅读《Python机器学习》能够加深读者对机器学习的认识和理解，从而达到理论与实践相结合、学以致用的目的。

《Python机器学习》适合Python程序员、数据分析人员、对机器学习感兴趣的读者以及机器学习领域的从业人员阅读。
', 1);
INSERT INTO shop.book (uuid, time, userId, name, author, hownew, price, catagoryId, image, info, status) VALUES ('F6162799E913423EA5CB57BEC65AB1E9', '2019-04-16 01:31:00', 0, 'JUnit实战(第2版)', '塔凯文', 10, 79, 1, '22633574-1_w.jpg', '
测试用数据!!测试用数据!!
《Python机器学习》通过解释数学原理和展示编程示例对机器学习进行了系统、全面的解析。《Python机器学习》共分为12章，内容涵盖了机器学习以及Python语言的基础知识、特征工程的概念与操作技术、数据可视化技术的实现、监督学习及无监督学习算法、文本分析、神经网络和深度学习、推荐系统的构建方法以及预测处理时间序列的方法等。阅读《Python机器学习》能够加深读者对机器学习的认识和理解，从而达到理论与实践相结合、学以致用的目的。

《Python机器学习》适合Python程序员、数据分析人员、对机器学习感兴趣的读者以及机器学习领域的从业人员阅读。
', 1);
INSERT INTO shop.book (uuid, time, userId, name, author, hownew, price, catagoryId, image, info, status) VALUES ('F693239BC3B3444C8538ABE7411BB38E', '2019-04-16 01:32:00', 0, 'Java Web典型模块与项目实战大全', '常建功', 10, 100, 1, '20988080-1_w_1.jpg', '（配光盘）

测试用数据!!测试用数据!!
《Python机器学习》通过解释数学原理和展示编程示例对机器学习进行了系统、全面的解析。《Python机器学习》共分为12章，内容涵盖了机器学习以及Python语言的基础知识、特征工程的概念与操作技术、数据可视化技术的实现、监督学习及无监督学习算法、文本分析、神经网络和深度学习、推荐系统的构建方法以及预测处理时间序列的方法等。阅读《Python机器学习》能够加深读者对机器学习的认识和理解，从而达到理论与实践相结合、学以致用的目的。

《Python机器学习》适合Python程序员、数据分析人员、对机器学习感兴趣的读者以及机器学习领域的从业人员阅读。
', 1);
INSERT INTO shop.book (uuid, time, userId, name, author, hownew, price, catagoryId, image, info, status) VALUES ('F78C94641DB4475BBA1E72A07DF9B3AE', '2019-04-16 01:33:00', 0, 'JAVA面向对象编程', '孙卫琴 ', 10, 66, 1, '9186890-1_w.jpg', '
测试用数据!!测试用数据!!
《Python机器学习》通过解释数学原理和展示编程示例对机器学习进行了系统、全面的解析。《Python机器学习》共分为12章，内容涵盖了机器学习以及Python语言的基础知识、特征工程的概念与操作技术、数据可视化技术的实现、监督学习及无监督学习算法、文本分析、神经网络和深度学习、推荐系统的构建方法以及预测处理时间序列的方法等。阅读《Python机器学习》能够加深读者对机器学习的认识和理解，从而达到理论与实践相结合、学以致用的目的。

《Python机器学习》适合Python程序员、数据分析人员、对机器学习感兴趣的读者以及机器学习领域的从业人员阅读。
', 1);
INSERT INTO shop.book (uuid, time, userId, name, author, hownew, price, catagoryId, image, info, status) VALUES ('FC232CD9B6E6411BBBB1A5B781D2C3C9', '2019-04-16 01:34:00', 0, 'Java与模式(含盘)', '阎宏', 10, 88, 1, '696673-1_w.jpg', '（超多实例和习题，详解设计原则与设计模式）

测试用数据!!测试用数据!!
《Python机器学习》通过解释数学原理和展示编程示例对机器学习进行了系统、全面的解析。《Python机器学习》共分为12章，内容涵盖了机器学习以及Python语言的基础知识、特征工程的概念与操作技术、数据可视化技术的实现、监督学习及无监督学习算法、文本分析、神经网络和深度学习、推荐系统的构建方法以及预测处理时间序列的方法等。阅读《Python机器学习》能够加深读者对机器学习的认识和理解，从而达到理论与实践相结合、学以致用的目的。

《Python机器学习》适合Python程序员、数据分析人员、对机器学习感兴趣的读者以及机器学习领域的从业人员阅读。
', 1);
INSERT INTO shop.book (uuid, time, userId, name, author, hownew, price, catagoryId, image, info, status) VALUES ('FEC3740CF30E442A94021911A25EF0D7', '2019-04-16 01:35:00', 0, 'Spring攻略(第2版)', 'Gary Mak　Josh Long　Daniel Rubio', 10, 128, 1, '22623020-1_w.jpg', '
测试用数据!!测试用数据!!
《Python机器学习》通过解释数学原理和展示编程示例对机器学习进行了系统、全面的解析。《Python机器学习》共分为12章，内容涵盖了机器学习以及Python语言的基础知识、特征工程的概念与操作技术、数据可视化技术的实现、监督学习及无监督学习算法、文本分析、神经网络和深度学习、推荐系统的构建方法以及预测处理时间序列的方法等。阅读《Python机器学习》能够加深读者对机器学习的认识和理解，从而达到理论与实践相结合、学以致用的目的。

《Python机器学习》适合Python程序员、数据分析人员、对机器学习感兴趣的读者以及机器学习领域的从业人员阅读。
', 1);
INSERT INTO shop.book (uuid, time, userId, name, author, hownew, price, catagoryId, image, info, status) VALUES ('FFABBED1E5254BC0B2726EC4ED8ACCDA', '2019-04-16 01:36:00', 0, '深入理解OSGi：Equinox原理、应用与最佳实践', '周志明', 10, 79, 1, '23179003-1_w.jpg', '（《深入理解Java虚拟机》作者新作！全面解读最新OSGi R5.0规范，深入讲解OSGi原理和服务，以及Equinox框架的用法和原理）

测试用数据!!测试用数据!!
《Python机器学习》通过解释数学原理和展示编程示例对机器学习进行了系统、全面的解析。《Python机器学习》共分为12章，内容涵盖了机器学习以及Python语言的基础知识、特征工程的概念与操作技术、数据可视化技术的实现、监督学习及无监督学习算法、文本分析、神经网络和深度学习、推荐系统的构建方法以及预测处理时间序列的方法等。阅读《Python机器学习》能够加深读者对机器学习的认识和理解，从而达到理论与实践相结合、学以致用的目的。

《Python机器学习》适合Python程序员、数据分析人员、对机器学习感兴趣的读者以及机器学习领域的从业人员阅读。
', 3);
INSERT INTO shop.catagory (id, name) VALUES (1, '计算机');
INSERT INTO shop.catagory (id, name) VALUES (2, '科普');
INSERT INTO shop.catagory (id, name) VALUES (3, '设计');
INSERT INTO shop.catagory (id, name) VALUES (4, '经营');
INSERT INTO shop.catagory (id, name) VALUES (5, '生活自助');
INSERT INTO shop.catagory (id, name) VALUES (6, '心理学');
INSERT INTO shop.catagory (id, name) VALUES (7, '电子电工');
INSERT INTO shop.catagory (id, name) VALUES (8, '数学');
INSERT INTO shop.catagory (id, name) VALUES (9, '文艺');
INSERT INTO shop.catagory (id, name) VALUES (10, '体育');
INSERT INTO shop.catagory (id, name) VALUES (11, '其他');
INSERT INTO shop.collect (userId, bookId) VALUES (4, 'FEC3740CF30E442A94021911A25EF0D7');
INSERT INTO shop.notices (time, userId, info, type) VALUES ('2019-05-15 11:15:39', 0, '您有一笔新的订单,请尽快处理.', 'success');
INSERT INTO shop.notices (time, userId, info, type) VALUES ('2019-05-15 11:15:39', 4, '您的订单已经生成,请等待卖方处理.', 'primary');
INSERT INTO shop.notices (time, userId, info, type) VALUES ('2019-05-15 20:36:42', 0, '您已成功充值100RMB', 'info');
INSERT INTO shop.notices (time, userId, info, type) VALUES ('2019-05-16 09:23:57', 4, '您已成功充值300RMB', 'info');
INSERT INTO shop.notices (time, userId, info, type) VALUES ('2019-05-16 09:24:04', 0, '您有一笔新的订单,请尽快处理.', 'success');
INSERT INTO shop.notices (time, userId, info, type) VALUES ('2019-05-16 09:24:04', 4, '您的订单已经生成,请等待卖方处理.', 'primary');
INSERT INTO shop.notices (time, userId, info, type) VALUES ('2019-05-21 09:45:01', 0, '您的订单正在派送.', 'primary');
INSERT INTO shop.notices (time, userId, info, type) VALUES ('2019-05-21 09:45:01', 0, '您的订单正在派送.', 'primary');
INSERT INTO shop.notices (time, userId, info, type) VALUES ('2019-05-21 09:49:25', 0, '你有一笔订单被取消.', 'danger');
INSERT INTO shop.notices (time, userId, info, type) VALUES ('2019-05-21 09:49:25', 4, '您已取消一笔订单,资金将稍后返还.', 'danger');
INSERT INTO shop.notices (time, userId, info, type) VALUES ('2019-05-21 09:49:58', 0, '您的订单正在派送.', 'primary');
INSERT INTO shop.notices (time, userId, info, type) VALUES ('2019-05-21 09:49:58', 0, '您的订单正在派送.', 'primary');
INSERT INTO shop.notices (time, userId, info, type) VALUES ('2019-05-22 10:44:16', 0, '您的订单正在派送.', 'primary');
INSERT INTO shop.notices (time, userId, info, type) VALUES ('2019-05-22 10:44:16', 0, '您的订单正在派送.', 'primary');
INSERT INTO shop.notices (time, userId, info, type) VALUES ('2019-05-22 11:00:01', 0, '您的订单正在派送.', 'primary');
INSERT INTO shop.notices (time, userId, info, type) VALUES ('2019-05-22 11:00:01', 0, '您的订单正在派送.', 'primary');
INSERT INTO shop.notices (time, userId, info, type) VALUES ('2019-05-22 11:04:36', 0, '您的订单正在派送.', 'primary');
INSERT INTO shop.notices (time, userId, info, type) VALUES ('2019-05-22 11:04:36', 0, '您的订单正在派送.', 'primary');
INSERT INTO shop.notices (time, userId, info, type) VALUES ('2019-05-27 23:26:44', 0, '您的订单正在派送.', 'primary');
INSERT INTO shop.notices (time, userId, info, type) VALUES ('2019-05-27 23:26:44', 4, '您的订单正在派送.', 'primary');
INSERT INTO shop.notices (time, userId, info, type) VALUES ('2019-05-27 23:34:06', 0, '您的订单已经完成,资金将稍后到账.', 'success');
INSERT INTO shop.notices (time, userId, info, type) VALUES ('2019-05-27 23:34:06', 4, '您的订单已经完成.', 'success');
INSERT INTO shop.orders (id, bookId, sellerId, buyerId, time, status) VALUES (1, 'FEC3740CF30E442A94021911A25EF0D7', 0, 4, '2019-05-16 09:24:04', 0);
INSERT INTO shop.orders (id, bookId, sellerId, buyerId, time, status) VALUES (2, 'FFABBED1E5254BC0B2726EC4ED8ACCDA', 0, 4, '2019-05-15 11:15:39', 3);
INSERT INTO shop.user (id, groupId, name, email, time, status, password, phone, info, address, sex, balance) VALUES (0, 0, 'mooyyu', 'mooyyu@outlook.com', '2019-04-16 00:00:00', 2, 'b3f2f9c2a3926eaf1b9bf91e3962e56b', '15305180693', '今天测试到此为止.
you don''t know?', 'big house.', 1, 100628);
INSERT INTO shop.user (id, groupId, name, email, time, status, password, phone, info, address, sex, balance) VALUES (4, 2, 'chenxi', '2529782990@qq.com', '2019-05-02 10:47:09', 2, '342a43d8eeb466dfb36e487671dda14a', '23154123541', '', '>ZXJv', 1, 300);
INSERT INTO shop.user (id, groupId, name, email, time, status, password, phone, info, address, sex, balance) VALUES (10, 2, 'mooyyucrab', 'mooyyucrab@gmail.com', '2019-05-31 18:27:07', 2, 'b3f2f9c2a3926eaf1b9bf91e3962e56b', '', '', '', 1, 0);